data,capital,estado,regiao,custo
2020-01-01,Aracaju,SE,Nordeste,561.22
2020-02-01,Aracaju,SE,Nordeste,557.43
2020-03-01,Aracaju,SE,Nordeste,547.91
2020-04-01,Aracaju,SE,Nordeste,550.24
2020-05-01,Aracaju,SE,Nordeste,543.08
2020-06-01,Aracaju,SE,Nordeste,542.72
2020-07-01,Aracaju,SE,Nordeste,555.58
2020-08-01,Aracaju,SE,Nordeste,607.72
2020-09-01,Aracaju,SE,Nordeste,624.84
2020-10-01,Aracaju,SE,Nordeste,611.25
2020-11-01,Aracaju,SE,Nordeste,621.78
2020-12-01,Aracaju,SE,Nordeste,618.87
2021-01-01,Aracaju,SE,Nordeste,597.96
2021-02-01,Aracaju,SE,Nordeste,599.81
2021-03-01,Aracaju,SE,Nordeste,590.75
2021-04-01,Aracaju,SE,Nordeste,561.09
2021-05-01,Aracaju,SE,Nordeste,578.96
2021-06-01,Aracaju,SE,Nordeste,594.57
2021-07-01,Aracaju,SE,Nordeste,593.95
2021-08-01,Aracaju,SE,Nordeste,598.41
2021-09-01,Aracaju,SE,Nordeste,596.21
2021-10-01,Aracaju,SE,Nordeste,592.22
2021-11-01,Aracaju,SE,Nordeste,587.04
2021-12-01,Aracaju,SE,Nordeste,597.91
2022-01-01,Aracaju,SE,Nordeste,639.07
2022-02-01,Aracaju,SE,Nordeste,616.29
2022-03-01,Aracaju,SE,Nordeste,594.82
2022-04-01,Aracaju,SE,Nordeste,609.66
2022-05-01,Aracaju,SE,Nordeste,613.11
2022-06-01,Aracaju,SE,Nordeste,628.31
2022-07-01,Aracaju,SE,Nordeste,624.3
2022-08-01,Aracaju,SE,Nordeste,629.84
2022-09-01,Aracaju,SE,Nordeste,640.34
2022-10-01,Aracaju,SE,Nordeste,622.21
2022-11-01,Aracaju,SE,Nordeste,623.19
2022-12-01,Aracaju,SE,Nordeste,624.56
2023-01-01,Aracaju,SE,Nordeste,646.5
2023-02-01,Aracaju,SE,Nordeste,662.74
2023-03-01,Aracaju,SE,Nordeste,645.34
2023-04-01,Aracaju,SE,Nordeste,637.99
2023-05-01,Aracaju,SE,Nordeste,622.11
2023-06-01,Aracaju,SE,Nordeste,643.46
2023-07-01,Aracaju,SE,Nordeste,636.97
2023-08-01,Aracaju,SE,Nordeste,663.69
2023-09-01,Aracaju,SE,Nordeste,669.68
2023-10-01,Aracaju,SE,Nordeste,665.91
2023-11-01,Aracaju,SE,Nordeste,654.48
2023-12-01,Aracaju,SE,Nordeste,676.94
2024-01-01,Aracaju,SE,Nordeste,679.13
2024-02-01,Aracaju,SE,Nordeste,674.22
2024-03-01,Aracaju,SE,Nordeste,665.55
2024-04-01,Aracaju,SE,Nordeste,662.44
2024-05-01,Aracaju,SE,Nordeste,668.99
2024-06-01,Aracaju,SE,Nordeste,680.26
2024-07-01,Aracaju,SE,Nordeste,673.04
2024-08-01,Aracaju,SE,Nordeste,696.84
2024-09-01,Aracaju,SE,Nordeste,688.74
2024-10-01,Aracaju,SE,Nordeste,687.05
2024-11-01,Aracaju,SE,Nordeste,704.47
2024-12-01,Aracaju,SE,Nordeste,688.97
2025-01-01,Aracaju,SE,Nordeste,702.28
2025-02-01,Aracaju,SE,Nordeste,728.42
2025-03-01,Aracaju,SE,Nordeste,722.16
2025-04-01,Aracaju,SE,Nordeste,695.58
2025-05-01,Aracaju,SE,Nordeste,701.78
2025-06-01,Aracaju,SE,Nordeste,706.61
2025-07-01,Aracaju,SE,Nordeste,718.77
2025-08-01,Aracaju,SE,Nordeste,717.88
2025-09-01,Aracaju,SE,Nordeste,723.84
2025-10-01,Aracaju,SE,Nordeste,730.92
2025-11-01,Aracaju,SE,Nordeste,721.85
2025-12-01,Aracaju,SE,Nordeste,730.75
2026-01-01,Aracaju,SE,Nordeste,736.97
2026-02-01,Aracaju,SE,Nordeste,751.66
2026-03-01,Aracaju,SE,Nordeste,742.0
2020-01-01,Belo Horizonte,MG,Sudeste,601.15
2020-02-01,Belo Horizonte,MG,Sudeste,586.36
2020-03-01,Belo Horizonte,MG,Sudeste,588.92
2020-04-01,Belo Horizonte,MG,Sudeste,577.02
2020-05-01,Belo Horizonte,MG,Sudeste,570.94
2020-06-01,Belo Horizonte,MG,Sudeste,603.47
2020-07-01,Belo Horizonte,MG,Sudeste,594.97
2020-08-01,Belo Horizonte,MG,Sudeste,649.95
2020-09-01,Belo Horizonte,MG,Sudeste,651.87
2020-10-01,Belo Horizonte,MG,Sudeste,650.17
2020-11-01,Belo Horizonte,MG,Sudeste,671.08
2020-12-01,Belo Horizonte,MG,Sudeste,657.35
2021-01-01,Belo Horizonte,MG,Sudeste,611.03
2021-02-01,Belo Horizonte,MG,Sudeste,622.62
2021-03-01,Belo Horizonte,MG,Sudeste,619.83
2021-04-01,Belo Horizonte,MG,Sudeste,613.12
2021-05-01,Belo Horizonte,MG,Sudeste,602.42
2021-06-01,Belo Horizonte,MG,Sudeste,630.18
2021-07-01,Belo Horizonte,MG,Sudeste,610.96
2021-08-01,Belo Horizonte,MG,Sudeste,636.54
2021-09-01,Belo Horizonte,MG,Sudeste,619.17
2021-10-01,Belo Horizonte,MG,Sudeste,630.26
2021-11-01,Belo Horizonte,MG,Sudeste,642.94
2021-12-01,Belo Horizonte,MG,Sudeste,637.75
2022-01-01,Belo Horizonte,MG,Sudeste,658.48
2022-02-01,Belo Horizonte,MG,Sudeste,659.32
2022-03-01,Belo Horizonte,MG,Sudeste,654.22
2022-04-01,Belo Horizonte,MG,Sudeste,645.13
2022-05-01,Belo Horizonte,MG,Sudeste,635.38
2022-06-01,Belo Horizonte,MG,Sudeste,656.22
2022-07-01,Belo Horizonte,MG,Sudeste,641.37
2022-08-01,Belo Horizonte,MG,Sudeste,655.55
2022-09-01,Belo Horizonte,MG,Sudeste,665.0
2022-10-01,Belo Horizonte,MG,Sudeste,661.98
2022-11-01,Belo Horizonte,MG,Sudeste,666.94
2022-12-01,Belo Horizonte,MG,Sudeste,664.13
2023-01-01,Belo Horizonte,MG,Sudeste,690.72
2023-02-01,Belo Horizonte,MG,Sudeste,683.58
2023-03-01,Belo Horizonte,MG,Sudeste,669.59
2023-04-01,Belo Horizonte,MG,Sudeste,672.77
2023-05-01,Belo Horizonte,MG,Sudeste,656.92
2023-06-01,Belo Horizonte,MG,Sudeste,684.87
2023-07-01,Belo Horizonte,MG,Sudeste,675.06
2023-08-01,Belo Horizonte,MG,Sudeste,696.17
2023-09-01,Belo Horizonte,MG,Sudeste,686.41
2023-10-01,Belo Horizonte,MG,Sudeste,692.14
2023-11-01,Belo Horizonte,MG,Sudeste,696.94
2023-12-01,Belo Horizonte,MG,Sudeste,680.78
2024-01-01,Belo Horizonte,MG,Sudeste,707.58
2024-02-01,Belo Horizonte,MG,Sudeste,723.79
2024-03-01,Belo Horizonte,MG,Sudeste,710.97
2024-04-01,Belo Horizonte,MG,Sudeste,698.31
2024-05-01,Belo Horizonte,MG,Sudeste,687.85
2024-06-01,Belo Horizonte,MG,Sudeste,716.61
2024-07-01,Belo Horizonte,MG,Sudeste,720.28
2024-08-01,Belo Horizonte,MG,Sudeste,717.61
2024-09-01,Belo Horizonte,MG,Sudeste,729.69
2024-10-01,Belo Horizonte,MG,Sudeste,717.12
2024-11-01,Belo Horizonte,MG,Sudeste,721.2
2024-12-01,Belo Horizonte,MG,Sudeste,708.11
2025-01-01,Belo Horizonte,MG,Sudeste,752.67
2025-02-01,Belo Horizonte,MG,Sudeste,750.6
2025-03-01,Belo Horizonte,MG,Sudeste,722.69
2025-04-01,Belo Horizonte,MG,Sudeste,713.74
2025-05-01,Belo Horizonte,MG,Sudeste,725.38
2025-06-01,Belo Horizonte,MG,Sudeste,754.59
2025-07-01,Belo Horizonte,MG,Sudeste,750.48
2025-08-01,Belo Horizonte,MG,Sudeste,751.12
2025-09-01,Belo Horizonte,MG,Sudeste,754.22
2025-10-01,Belo Horizonte,MG,Sudeste,758.6
2025-11-01,Belo Horizonte,MG,Sudeste,756.19
2025-12-01,Belo Horizonte,MG,Sudeste,766.9
2026-01-01,Belo Horizonte,MG,Sudeste,788.47
2026-02-01,Belo Horizonte,MG,Sudeste,807.8
2026-03-01,Belo Horizonte,MG,Sudeste,790.0
2020-01-01,Belém,PA,Norte,608.13
2020-02-01,Belém,PA,Norte,621.82
2020-03-01,Belém,PA,Norte,599.46
2020-04-01,Belém,PA,Norte,604.01
2020-05-01,Belém,PA,Norte,590.61
2020-06-01,Belém,PA,Norte,615.39
2020-07-01,Belém,PA,Norte,625.06
2020-08-01,Belém,PA,Norte,645.41
2020-09-01,Belém,PA,Norte,661.4
2020-10-01,Belém,PA,Norte,674.99
2020-11-01,Belém,PA,Norte,671.35
2020-12-01,Belém,PA,Norte,678.56
2021-01-01,Belém,PA,Norte,635.71
2021-02-01,Belém,PA,Norte,643.73
2021-03-01,Belém,PA,Norte,631.63
2021-04-01,Belém,PA,Norte,635.15
2021-05-01,Belém,PA,Norte,630.28
2021-06-01,Belém,PA,Norte,642.99
2021-07-01,Belém,PA,Norte,639.49
2021-08-01,Belém,PA,Norte,641.38
2021-09-01,Belém,PA,Norte,644.33
2021-10-01,Belém,PA,Norte,653.47
2021-11-01,Belém,PA,Norte,649.48
2021-12-01,Belém,PA,Norte,657.7
2022-01-01,Belém,PA,Norte,687.69
2022-02-01,Belém,PA,Norte,680.67
2022-03-01,Belém,PA,Norte,660.45
2022-04-01,Belém,PA,Norte,665.26
2022-05-01,Belém,PA,Norte,654.94
2022-06-01,Belém,PA,Norte,654.52
2022-07-01,Belém,PA,Norte,665.37
2022-08-01,Belém,PA,Norte,661.09
2022-09-01,Belém,PA,Norte,675.87
2022-10-01,Belém,PA,Norte,681.47
2022-11-01,Belém,PA,Norte,697.39
2022-12-01,Belém,PA,Norte,689.25
2023-01-01,Belém,PA,Norte,701.34
2023-02-01,Belém,PA,Norte,712.46
2023-03-01,Belém,PA,Norte,676.99
2023-04-01,Belém,PA,Norte,688.81
2023-05-01,Belém,PA,Norte,695.76
2023-06-01,Belém,PA,Norte,690.99
2023-07-01,Belém,PA,Norte,714.7
2023-08-01,Belém,PA,Norte,711.0
2023-09-01,Belém,PA,Norte,707.73
2023-10-01,Belém,PA,Norte,718.88
2023-11-01,Belém,PA,Norte,734.76
2023-12-01,Belém,PA,Norte,720.84
2024-01-01,Belém,PA,Norte,738.61
2024-02-01,Belém,PA,Norte,735.81
2024-03-01,Belém,PA,Norte,721.01
2024-04-01,Belém,PA,Norte,726.32
2024-05-01,Belém,PA,Norte,715.63
2024-06-01,Belém,PA,Norte,736.91
2024-07-01,Belém,PA,Norte,735.38
2024-08-01,Belém,PA,Norte,745.91
2024-09-01,Belém,PA,Norte,747.63
2024-10-01,Belém,PA,Norte,756.16
2024-11-01,Belém,PA,Norte,746.69
2024-12-01,Belém,PA,Norte,751.53
2025-01-01,Belém,PA,Norte,763.92
2025-02-01,Belém,PA,Norte,771.2
2025-03-01,Belém,PA,Norte,765.53
2025-04-01,Belém,PA,Norte,760.06
2025-05-01,Belém,PA,Norte,750.54
2025-06-01,Belém,PA,Norte,780.46
2025-07-01,Belém,PA,Norte,788.4
2025-08-01,Belém,PA,Norte,784.88
2025-09-01,Belém,PA,Norte,800.74
2025-10-01,Belém,PA,Norte,783.47
2025-11-01,Belém,PA,Norte,783.77
2025-12-01,Belém,PA,Norte,783.57
2026-01-01,Belém,PA,Norte,830.25
2026-02-01,Belém,PA,Norte,827.69
2026-03-01,Belém,PA,Norte,810.0
2020-01-01,Boa Vista,RR,Norte,572.57
2020-02-01,Boa Vista,RR,Norte,567.46
2020-03-01,Boa Vista,RR,Norte,577.22
2020-04-01,Boa Vista,RR,Norte,558.14
2020-05-01,Boa Vista,RR,Norte,552.15
2020-06-01,Boa Vista,RR,Norte,583.61
2020-07-01,Boa Vista,RR,Norte,602.91
2020-08-01,Boa Vista,RR,Norte,632.23
2020-09-01,Boa Vista,RR,Norte,641.67
2020-10-01,Boa Vista,RR,Norte,638.32
2020-11-01,Boa Vista,RR,Norte,639.58
2020-12-01,Boa Vista,RR,Norte,650.45
2021-01-01,Boa Vista,RR,Norte,607.63
2021-02-01,Boa Vista,RR,Norte,614.68
2021-03-01,Boa Vista,RR,Norte,605.65
2021-04-01,Boa Vista,RR,Norte,591.21
2021-05-01,Boa Vista,RR,Norte,607.03
2021-06-01,Boa Vista,RR,Norte,609.4
2021-07-01,Boa Vista,RR,Norte,607.35
2021-08-01,Boa Vista,RR,Norte,620.3
2021-09-01,Boa Vista,RR,Norte,611.43
2021-10-01,Boa Vista,RR,Norte,621.48
2021-11-01,Boa Vista,RR,Norte,623.82
2021-12-01,Boa Vista,RR,Norte,635.23
2022-01-01,Boa Vista,RR,Norte,645.59
2022-02-01,Boa Vista,RR,Norte,644.32
2022-03-01,Boa Vista,RR,Norte,641.11
2022-04-01,Boa Vista,RR,Norte,638.82
2022-05-01,Boa Vista,RR,Norte,634.83
2022-06-01,Boa Vista,RR,Norte,642.77
2022-07-01,Boa Vista,RR,Norte,634.92
2022-08-01,Boa Vista,RR,Norte,639.64
2022-09-01,Boa Vista,RR,Norte,648.47
2022-10-01,Boa Vista,RR,Norte,648.81
2022-11-01,Boa Vista,RR,Norte,654.96
2022-12-01,Boa Vista,RR,Norte,659.7
2023-01-01,Boa Vista,RR,Norte,679.53
2023-02-01,Boa Vista,RR,Norte,677.6
2023-03-01,Boa Vista,RR,Norte,671.58
2023-04-01,Boa Vista,RR,Norte,660.98
2023-05-01,Boa Vista,RR,Norte,647.47
2023-06-01,Boa Vista,RR,Norte,668.72
2023-07-01,Boa Vista,RR,Norte,677.96
2023-08-01,Boa Vista,RR,Norte,672.32
2023-09-01,Boa Vista,RR,Norte,689.69
2023-10-01,Boa Vista,RR,Norte,700.05
2023-11-01,Boa Vista,RR,Norte,700.48
2023-12-01,Boa Vista,RR,Norte,691.96
2024-01-01,Boa Vista,RR,Norte,722.47
2024-02-01,Boa Vista,RR,Norte,714.75
2024-03-01,Boa Vista,RR,Norte,699.85
2024-04-01,Boa Vista,RR,Norte,690.04
2024-05-01,Boa Vista,RR,Norte,695.48
2024-06-01,Boa Vista,RR,Norte,708.43
2024-07-01,Boa Vista,RR,Norte,715.93
2024-08-01,Boa Vista,RR,Norte,718.88
2024-09-01,Boa Vista,RR,Norte,720.67
2024-10-01,Boa Vista,RR,Norte,727.21
2024-11-01,Boa Vista,RR,Norte,736.31
2024-12-01,Boa Vista,RR,Norte,737.47
2025-01-01,Boa Vista,RR,Norte,735.76
2025-02-01,Boa Vista,RR,Norte,730.38
2025-03-01,Boa Vista,RR,Norte,746.69
2025-04-01,Boa Vista,RR,Norte,720.29
2025-05-01,Boa Vista,RR,Norte,731.57
2025-06-01,Boa Vista,RR,Norte,737.38
2025-07-01,Boa Vista,RR,Norte,734.54
2025-08-01,Boa Vista,RR,Norte,755.4
2025-09-01,Boa Vista,RR,Norte,759.31
2025-10-01,Boa Vista,RR,Norte,750.91
2025-11-01,Boa Vista,RR,Norte,737.15
2025-12-01,Boa Vista,RR,Norte,755.57
2026-01-01,Boa Vista,RR,Norte,780.45
2026-02-01,Boa Vista,RR,Norte,767.94
2026-03-01,Boa Vista,RR,Norte,768.0
2020-01-01,Brasília,DF,Centro-Oeste,632.97
2020-02-01,Brasília,DF,Centro-Oeste,646.67
2020-03-01,Brasília,DF,Centro-Oeste,624.14
2020-04-01,Brasília,DF,Centro-Oeste,607.9
2020-05-01,Brasília,DF,Centro-Oeste,635.57
2020-06-01,Brasília,DF,Centro-Oeste,636.54
2020-07-01,Brasília,DF,Centro-Oeste,650.58
2020-08-01,Brasília,DF,Centro-Oeste,682.67
2020-09-01,Brasília,DF,Centro-Oeste,694.14
2020-10-01,Brasília,DF,Centro-Oeste,702.51
2020-11-01,Brasília,DF,Centro-Oeste,706.39
2020-12-01,Brasília,DF,Centro-Oeste,705.98
2021-01-01,Brasília,DF,Centro-Oeste,678.53
2021-02-01,Brasília,DF,Centro-Oeste,668.41
2021-03-01,Brasília,DF,Centro-Oeste,665.89
2021-04-01,Brasília,DF,Centro-Oeste,661.3
2021-05-01,Brasília,DF,Centro-Oeste,667.79
2021-06-01,Brasília,DF,Centro-Oeste,682.88
2021-07-01,Brasília,DF,Centro-Oeste,671.61
2021-08-01,Brasília,DF,Centro-Oeste,671.77
2021-09-01,Brasília,DF,Centro-Oeste,697.72
2021-10-01,Brasília,DF,Centro-Oeste,693.63
2021-11-01,Brasília,DF,Centro-Oeste,688.47
2021-12-01,Brasília,DF,Centro-Oeste,710.38
2022-01-01,Brasília,DF,Centro-Oeste,716.45
2022-02-01,Brasília,DF,Centro-Oeste,728.57
2022-03-01,Brasília,DF,Centro-Oeste,709.14
2022-04-01,Brasília,DF,Centro-Oeste,717.98
2022-05-01,Brasília,DF,Centro-Oeste,719.08
2022-06-01,Brasília,DF,Centro-Oeste,717.4
2022-07-01,Brasília,DF,Centro-Oeste,730.79
2022-08-01,Brasília,DF,Centro-Oeste,731.84
2022-09-01,Brasília,DF,Centro-Oeste,741.29
2022-10-01,Brasília,DF,Centro-Oeste,726.31
2022-11-01,Brasília,DF,Centro-Oeste,743.23
2022-12-01,Brasília,DF,Centro-Oeste,749.93
2023-01-01,Brasília,DF,Centro-Oeste,746.04
2023-02-01,Brasília,DF,Centro-Oeste,754.49
2023-03-01,Brasília,DF,Centro-Oeste,736.44
2023-04-01,Brasília,DF,Centro-Oeste,743.06
2023-05-01,Brasília,DF,Centro-Oeste,754.71
2023-06-01,Brasília,DF,Centro-Oeste,776.24
2023-07-01,Brasília,DF,Centro-Oeste,768.67
2023-08-01,Brasília,DF,Centro-Oeste,784.99
2023-09-01,Brasília,DF,Centro-Oeste,764.82
2023-10-01,Brasília,DF,Centro-Oeste,766.15
2023-11-01,Brasília,DF,Centro-Oeste,783.27
2023-12-01,Brasília,DF,Centro-Oeste,790.75
2024-01-01,Brasília,DF,Centro-Oeste,807.22
2024-02-01,Brasília,DF,Centro-Oeste,795.02
2024-03-01,Brasília,DF,Centro-Oeste,798.96
2024-04-01,Brasília,DF,Centro-Oeste,781.22
2024-05-01,Brasília,DF,Centro-Oeste,801.01
2024-06-01,Brasília,DF,Centro-Oeste,814.78
2024-07-01,Brasília,DF,Centro-Oeste,808.43
2024-08-01,Brasília,DF,Centro-Oeste,815.96
2024-09-01,Brasília,DF,Centro-Oeste,815.74
2024-10-01,Brasília,DF,Centro-Oeste,827.87
2024-11-01,Brasília,DF,Centro-Oeste,840.2
2024-12-01,Brasília,DF,Centro-Oeste,828.88
2025-01-01,Brasília,DF,Centro-Oeste,861.84
2025-02-01,Brasília,DF,Centro-Oeste,857.9
2025-03-01,Brasília,DF,Centro-Oeste,843.16
2025-04-01,Brasília,DF,Centro-Oeste,840.13
2025-05-01,Brasília,DF,Centro-Oeste,831.22
2025-06-01,Brasília,DF,Centro-Oeste,846.25
2025-07-01,Brasília,DF,Centro-Oeste,839.59
2025-08-01,Brasília,DF,Centro-Oeste,862.58
2025-09-01,Brasília,DF,Centro-Oeste,845.84
2025-10-01,Brasília,DF,Centro-Oeste,838.44
2025-11-01,Brasília,DF,Centro-Oeste,843.63
2025-12-01,Brasília,DF,Centro-Oeste,839.31
2026-01-01,Brasília,DF,Centro-Oeste,853.39
2026-02-01,Brasília,DF,Centro-Oeste,857.66
2026-03-01,Brasília,DF,Centro-Oeste,840.0
2020-01-01,Campo Grande,MS,Centro-Oeste,605.28
2020-02-01,Campo Grande,MS,Centro-Oeste,627.36
2020-03-01,Campo Grande,MS,Centro-Oeste,595.03
2020-04-01,Campo Grande,MS,Centro-Oeste,590.38
2020-05-01,Campo Grande,MS,Centro-Oeste,606.57
2020-06-01,Campo Grande,MS,Centro-Oeste,608.42
2020-07-01,Campo Grande,MS,Centro-Oeste,607.8
2020-08-01,Campo Grande,MS,Centro-Oeste,660.65
2020-09-01,Campo Grande,MS,Centro-Oeste,661.69
2020-10-01,Campo Grande,MS,Centro-Oeste,653.16
2020-11-01,Campo Grande,MS,Centro-Oeste,654.14
2020-12-01,Campo Grande,MS,Centro-Oeste,682.57
2021-01-01,Campo Grande,MS,Centro-Oeste,634.34
2021-02-01,Campo Grande,MS,Centro-Oeste,636.15
2021-03-01,Campo Grande,MS,Centro-Oeste,624.61
2021-04-01,Campo Grande,MS,Centro-Oeste,624.61
2021-05-01,Campo Grande,MS,Centro-Oeste,641.1
2021-06-01,Campo Grande,MS,Centro-Oeste,636.9
2021-07-01,Campo Grande,MS,Centro-Oeste,630.49
2021-08-01,Campo Grande,MS,Centro-Oeste,636.62
2021-09-01,Campo Grande,MS,Centro-Oeste,648.75
2021-10-01,Campo Grande,MS,Centro-Oeste,638.03
2021-11-01,Campo Grande,MS,Centro-Oeste,652.03
2021-12-01,Campo Grande,MS,Centro-Oeste,629.17
2022-01-01,Campo Grande,MS,Centro-Oeste,661.45
2022-02-01,Campo Grande,MS,Centro-Oeste,670.91
2022-03-01,Campo Grande,MS,Centro-Oeste,665.55
2022-04-01,Campo Grande,MS,Centro-Oeste,641.54
2022-05-01,Campo Grande,MS,Centro-Oeste,638.61
2022-06-01,Campo Grande,MS,Centro-Oeste,661.04
2022-07-01,Campo Grande,MS,Centro-Oeste,656.72
2022-08-01,Campo Grande,MS,Centro-Oeste,667.14
2022-09-01,Campo Grande,MS,Centro-Oeste,670.9
2022-10-01,Campo Grande,MS,Centro-Oeste,663.03
2022-11-01,Campo Grande,MS,Centro-Oeste,682.66
2022-12-01,Campo Grande,MS,Centro-Oeste,677.62
2023-01-01,Campo Grande,MS,Centro-Oeste,703.81
2023-02-01,Campo Grande,MS,Centro-Oeste,683.13
2023-03-01,Campo Grande,MS,Centro-Oeste,678.75
2023-04-01,Campo Grande,MS,Centro-Oeste,683.37
2023-05-01,Campo Grande,MS,Centro-Oeste,675.51
2023-06-01,Campo Grande,MS,Centro-Oeste,693.68
2023-07-01,Campo Grande,MS,Centro-Oeste,697.73
2023-08-01,Campo Grande,MS,Centro-Oeste,701.72
2023-09-01,Campo Grande,MS,Centro-Oeste,697.78
2023-10-01,Campo Grande,MS,Centro-Oeste,707.16
2023-11-01,Campo Grande,MS,Centro-Oeste,702.47
2023-12-01,Campo Grande,MS,Centro-Oeste,716.9
2024-01-01,Campo Grande,MS,Centro-Oeste,727.66
2024-02-01,Campo Grande,MS,Centro-Oeste,732.68
2024-03-01,Campo Grande,MS,Centro-Oeste,740.47
2024-04-01,Campo Grande,MS,Centro-Oeste,703.03
2024-05-01,Campo Grande,MS,Centro-Oeste,725.79
2024-06-01,Campo Grande,MS,Centro-Oeste,707.13
2024-07-01,Campo Grande,MS,Centro-Oeste,714.63
2024-08-01,Campo Grande,MS,Centro-Oeste,724.2
2024-09-01,Campo Grande,MS,Centro-Oeste,727.59
2024-10-01,Campo Grande,MS,Centro-Oeste,741.52
2024-11-01,Campo Grande,MS,Centro-Oeste,745.11
2024-12-01,Campo Grande,MS,Centro-Oeste,743.67
2025-01-01,Campo Grande,MS,Centro-Oeste,762.4
2025-02-01,Campo Grande,MS,Centro-Oeste,770.82
2025-03-01,Campo Grande,MS,Centro-Oeste,761.18
2025-04-01,Campo Grande,MS,Centro-Oeste,735.49
2025-05-01,Campo Grande,MS,Centro-Oeste,746.58
2025-06-01,Campo Grande,MS,Centro-Oeste,763.77
2025-07-01,Campo Grande,MS,Centro-Oeste,771.67
2025-08-01,Campo Grande,MS,Centro-Oeste,765.06
2025-09-01,Campo Grande,MS,Centro-Oeste,774.02
2025-10-01,Campo Grande,MS,Centro-Oeste,778.48
2025-11-01,Campo Grande,MS,Centro-Oeste,776.09
2025-12-01,Campo Grande,MS,Centro-Oeste,779.43
2026-01-01,Campo Grande,MS,Centro-Oeste,805.4
2026-02-01,Campo Grande,MS,Centro-Oeste,807.19
2026-03-01,Campo Grande,MS,Centro-Oeste,800.0
2020-01-01,Cuiabá,MT,Centro-Oeste,599.93
2020-02-01,Cuiabá,MT,Centro-Oeste,581.79
2020-03-01,Cuiabá,MT,Centro-Oeste,586.12
2020-04-01,Cuiabá,MT,Centro-Oeste,582.21
2020-05-01,Cuiabá,MT,Centro-Oeste,580.47
2020-06-01,Cuiabá,MT,Centro-Oeste,590.66
2020-07-01,Cuiabá,MT,Centro-Oeste,594.08
2020-08-01,Cuiabá,MT,Centro-Oeste,649.49
2020-09-01,Cuiabá,MT,Centro-Oeste,636.99
2020-10-01,Cuiabá,MT,Centro-Oeste,662.58
2020-11-01,Cuiabá,MT,Centro-Oeste,654.43
2020-12-01,Cuiabá,MT,Centro-Oeste,662.71
2021-01-01,Cuiabá,MT,Centro-Oeste,631.12
2021-02-01,Cuiabá,MT,Centro-Oeste,627.25
2021-03-01,Cuiabá,MT,Centro-Oeste,621.24
2021-04-01,Cuiabá,MT,Centro-Oeste,599.87
2021-05-01,Cuiabá,MT,Centro-Oeste,625.21
2021-06-01,Cuiabá,MT,Centro-Oeste,640.7
2021-07-01,Cuiabá,MT,Centro-Oeste,621.74
2021-08-01,Cuiabá,MT,Centro-Oeste,635.4
2021-09-01,Cuiabá,MT,Centro-Oeste,632.14
2021-10-01,Cuiabá,MT,Centro-Oeste,643.89
2021-11-01,Cuiabá,MT,Centro-Oeste,653.86
2021-12-01,Cuiabá,MT,Centro-Oeste,659.95
2022-01-01,Cuiabá,MT,Centro-Oeste,677.52
2022-02-01,Cuiabá,MT,Centro-Oeste,682.51
2022-03-01,Cuiabá,MT,Centro-Oeste,660.5
2022-04-01,Cuiabá,MT,Centro-Oeste,646.56
2022-05-01,Cuiabá,MT,Centro-Oeste,658.24
2022-06-01,Cuiabá,MT,Centro-Oeste,677.74
2022-07-01,Cuiabá,MT,Centro-Oeste,666.35
2022-08-01,Cuiabá,MT,Centro-Oeste,692.97
2022-09-01,Cuiabá,MT,Centro-Oeste,690.41
2022-10-01,Cuiabá,MT,Centro-Oeste,685.13
2022-11-01,Cuiabá,MT,Centro-Oeste,684.67
2022-12-01,Cuiabá,MT,Centro-Oeste,688.6
2023-01-01,Cuiabá,MT,Centro-Oeste,712.1
2023-02-01,Cuiabá,MT,Centro-Oeste,713.38
2023-03-01,Cuiabá,MT,Centro-Oeste,712.44
2023-04-01,Cuiabá,MT,Centro-Oeste,695.13
2023-05-01,Cuiabá,MT,Centro-Oeste,705.55
2023-06-01,Cuiabá,MT,Centro-Oeste,715.67
2023-07-01,Cuiabá,MT,Centro-Oeste,721.78
2023-08-01,Cuiabá,MT,Centro-Oeste,721.53
2023-09-01,Cuiabá,MT,Centro-Oeste,732.79
2023-10-01,Cuiabá,MT,Centro-Oeste,736.7
2023-11-01,Cuiabá,MT,Centro-Oeste,738.4
2023-12-01,Cuiabá,MT,Centro-Oeste,743.4
2024-01-01,Cuiabá,MT,Centro-Oeste,749.68
2024-02-01,Cuiabá,MT,Centro-Oeste,763.76
2024-03-01,Cuiabá,MT,Centro-Oeste,760.12
2024-04-01,Cuiabá,MT,Centro-Oeste,746.65
2024-05-01,Cuiabá,MT,Centro-Oeste,738.34
2024-06-01,Cuiabá,MT,Centro-Oeste,761.5
2024-07-01,Cuiabá,MT,Centro-Oeste,768.87
2024-08-01,Cuiabá,MT,Centro-Oeste,763.79
2024-09-01,Cuiabá,MT,Centro-Oeste,762.99
2024-10-01,Cuiabá,MT,Centro-Oeste,775.36
2024-11-01,Cuiabá,MT,Centro-Oeste,776.01
2024-12-01,Cuiabá,MT,Centro-Oeste,785.89
2025-01-01,Cuiabá,MT,Centro-Oeste,793.16
2025-02-01,Cuiabá,MT,Centro-Oeste,814.6
2025-03-01,Cuiabá,MT,Centro-Oeste,793.26
2025-04-01,Cuiabá,MT,Centro-Oeste,798.42
2025-05-01,Cuiabá,MT,Centro-Oeste,786.63
2025-06-01,Cuiabá,MT,Centro-Oeste,798.96
2025-07-01,Cuiabá,MT,Centro-Oeste,796.08
2025-08-01,Cuiabá,MT,Centro-Oeste,790.32
2025-09-01,Cuiabá,MT,Centro-Oeste,812.93
2025-10-01,Cuiabá,MT,Centro-Oeste,788.22
2025-11-01,Cuiabá,MT,Centro-Oeste,797.91
2025-12-01,Cuiabá,MT,Centro-Oeste,779.96
2026-01-01,Cuiabá,MT,Centro-Oeste,804.75
2026-02-01,Cuiabá,MT,Centro-Oeste,803.47
2026-03-01,Cuiabá,MT,Centro-Oeste,782.0
2020-01-01,Curitiba,PR,Sul,650.23
2020-02-01,Curitiba,PR,Sul,637.5
2020-03-01,Curitiba,PR,Sul,628.35
2020-04-01,Curitiba,PR,Sul,627.37
2020-05-01,Curitiba,PR,Sul,628.53
2020-06-01,Curitiba,PR,Sul,648.66
2020-07-01,Curitiba,PR,Sul,640.26
2020-08-01,Curitiba,PR,Sul,707.1
2020-09-01,Curitiba,PR,Sul,701.12
2020-10-01,Curitiba,PR,Sul,713.41
2020-11-01,Curitiba,PR,Sul,707.97
2020-12-01,Curitiba,PR,Sul,708.81
2021-01-01,Curitiba,PR,Sul,692.76
2021-02-01,Curitiba,PR,Sul,689.39
2021-03-01,Curitiba,PR,Sul,656.55
2021-04-01,Curitiba,PR,Sul,660.58
2021-05-01,Curitiba,PR,Sul,677.14
2021-06-01,Curitiba,PR,Sul,671.5
2021-07-01,Curitiba,PR,Sul,690.67
2021-08-01,Curitiba,PR,Sul,693.29
2021-09-01,Curitiba,PR,Sul,685.83
2021-10-01,Curitiba,PR,Sul,694.84
2021-11-01,Curitiba,PR,Sul,681.69
2021-12-01,Curitiba,PR,Sul,716.09
2022-01-01,Curitiba,PR,Sul,717.1
2022-02-01,Curitiba,PR,Sul,729.63
2022-03-01,Curitiba,PR,Sul,717.5
2022-04-01,Curitiba,PR,Sul,716.3
2022-05-01,Curitiba,PR,Sul,705.53
2022-06-01,Curitiba,PR,Sul,725.05
2022-07-01,Curitiba,PR,Sul,731.54
2022-08-01,Curitiba,PR,Sul,737.71
2022-09-01,Curitiba,PR,Sul,743.64
2022-10-01,Curitiba,PR,Sul,734.29
2022-11-01,Curitiba,PR,Sul,736.51
2022-12-01,Curitiba,PR,Sul,756.45
2023-01-01,Curitiba,PR,Sul,748.01
2023-02-01,Curitiba,PR,Sul,780.72
2023-03-01,Curitiba,PR,Sul,754.47
2023-04-01,Curitiba,PR,Sul,749.26
2023-05-01,Curitiba,PR,Sul,747.61
2023-06-01,Curitiba,PR,Sul,768.01
2023-07-01,Curitiba,PR,Sul,782.43
2023-08-01,Curitiba,PR,Sul,782.32
2023-09-01,Curitiba,PR,Sul,784.01
2023-10-01,Curitiba,PR,Sul,784.71
2023-11-01,Curitiba,PR,Sul,776.38
2023-12-01,Curitiba,PR,Sul,785.16
2024-01-01,Curitiba,PR,Sul,809.08
2024-02-01,Curitiba,PR,Sul,819.58
2024-03-01,Curitiba,PR,Sul,804.5
2024-04-01,Curitiba,PR,Sul,803.75
2024-05-01,Curitiba,PR,Sul,803.68
2024-06-01,Curitiba,PR,Sul,816.6
2024-07-01,Curitiba,PR,Sul,838.48
2024-08-01,Curitiba,PR,Sul,827.66
2024-09-01,Curitiba,PR,Sul,825.1
2024-10-01,Curitiba,PR,Sul,847.61
2024-11-01,Curitiba,PR,Sul,846.53
2024-12-01,Curitiba,PR,Sul,855.68
2025-01-01,Curitiba,PR,Sul,861.41
2025-02-01,Curitiba,PR,Sul,874.45
2025-03-01,Curitiba,PR,Sul,842.3
2025-04-01,Curitiba,PR,Sul,851.63
2025-05-01,Curitiba,PR,Sul,842.64
2025-06-01,Curitiba,PR,Sul,844.53
2025-07-01,Curitiba,PR,Sul,861.76
2025-08-01,Curitiba,PR,Sul,837.98
2025-09-01,Curitiba,PR,Sul,835.65
2025-10-01,Curitiba,PR,Sul,851.54
2025-11-01,Curitiba,PR,Sul,851.4
2025-12-01,Curitiba,PR,Sul,852.64
2026-01-01,Curitiba,PR,Sul,865.96
2026-02-01,Curitiba,PR,Sul,869.53
2026-03-01,Curitiba,PR,Sul,845.0
2020-01-01,Florianópolis,SC,Sul,654.25
2020-02-01,Florianópolis,SC,Sul,634.8
2020-03-01,Florianópolis,SC,Sul,643.06
2020-04-01,Florianópolis,SC,Sul,629.95
2020-05-01,Florianópolis,SC,Sul,645.39
2020-06-01,Florianópolis,SC,Sul,645.34
2020-07-01,Florianópolis,SC,Sul,654.16
2020-08-01,Florianópolis,SC,Sul,715.22
2020-09-01,Florianópolis,SC,Sul,721.82
2020-10-01,Florianópolis,SC,Sul,709.03
2020-11-01,Florianópolis,SC,Sul,719.71
2020-12-01,Florianópolis,SC,Sul,722.36
2021-01-01,Florianópolis,SC,Sul,684.17
2021-02-01,Florianópolis,SC,Sul,707.13
2021-03-01,Florianópolis,SC,Sul,686.2
2021-04-01,Florianópolis,SC,Sul,666.15
2021-05-01,Florianópolis,SC,Sul,687.11
2021-06-01,Florianópolis,SC,Sul,710.7
2021-07-01,Florianópolis,SC,Sul,705.61
2021-08-01,Florianópolis,SC,Sul,688.83
2021-09-01,Florianópolis,SC,Sul,700.78
2021-10-01,Florianópolis,SC,Sul,718.47
2021-11-01,Florianópolis,SC,Sul,706.37
2021-12-01,Florianópolis,SC,Sul,719.3
2022-01-01,Florianópolis,SC,Sul,740.08
2022-02-01,Florianópolis,SC,Sul,730.3
2022-03-01,Florianópolis,SC,Sul,726.55
2022-04-01,Florianópolis,SC,Sul,693.93
2022-05-01,Florianópolis,SC,Sul,715.43
2022-06-01,Florianópolis,SC,Sul,736.46
2022-07-01,Florianópolis,SC,Sul,732.35
2022-08-01,Florianópolis,SC,Sul,759.27
2022-09-01,Florianópolis,SC,Sul,738.67
2022-10-01,Florianópolis,SC,Sul,750.51
2022-11-01,Florianópolis,SC,Sul,759.01
2022-12-01,Florianópolis,SC,Sul,773.46
2023-01-01,Florianópolis,SC,Sul,769.74
2023-02-01,Florianópolis,SC,Sul,794.61
2023-03-01,Florianópolis,SC,Sul,774.01
2023-04-01,Florianópolis,SC,Sul,758.45
2023-05-01,Florianópolis,SC,Sul,774.0
2023-06-01,Florianópolis,SC,Sul,787.72
2023-07-01,Florianópolis,SC,Sul,785.43
2023-08-01,Florianópolis,SC,Sul,794.92
2023-09-01,Florianópolis,SC,Sul,795.42
2023-10-01,Florianópolis,SC,Sul,803.59
2023-11-01,Florianópolis,SC,Sul,812.17
2023-12-01,Florianópolis,SC,Sul,823.77
2024-01-01,Florianópolis,SC,Sul,821.73
2024-02-01,Florianópolis,SC,Sul,853.04
2024-03-01,Florianópolis,SC,Sul,808.25
2024-04-01,Florianópolis,SC,Sul,814.53
2024-05-01,Florianópolis,SC,Sul,824.71
2024-06-01,Florianópolis,SC,Sul,839.09
2024-07-01,Florianópolis,SC,Sul,836.23
2024-08-01,Florianópolis,SC,Sul,843.94
2024-09-01,Florianópolis,SC,Sul,846.08
2024-10-01,Florianópolis,SC,Sul,849.75
2024-11-01,Florianópolis,SC,Sul,865.72
2024-12-01,Florianópolis,SC,Sul,866.27
2025-01-01,Florianópolis,SC,Sul,879.74
2025-02-01,Florianópolis,SC,Sul,897.1
2025-03-01,Florianópolis,SC,Sul,879.47
2025-04-01,Florianópolis,SC,Sul,874.88
2025-05-01,Florianópolis,SC,Sul,871.61
2025-06-01,Florianópolis,SC,Sul,871.44
2025-07-01,Florianópolis,SC,Sul,871.71
2025-08-01,Florianópolis,SC,Sul,879.98
2025-09-01,Florianópolis,SC,Sul,876.92
2025-10-01,Florianópolis,SC,Sul,870.05
2025-11-01,Florianópolis,SC,Sul,869.05
2025-12-01,Florianópolis,SC,Sul,875.69
2026-01-01,Florianópolis,SC,Sul,876.77
2026-02-01,Florianópolis,SC,Sul,883.02
2026-03-01,Florianópolis,SC,Sul,858.0
2020-01-01,Fortaleza,CE,Nordeste,559.66
2020-02-01,Fortaleza,CE,Nordeste,573.02
2020-03-01,Fortaleza,CE,Nordeste,561.4
2020-04-01,Fortaleza,CE,Nordeste,555.37
2020-05-01,Fortaleza,CE,Nordeste,569.5
2020-06-01,Fortaleza,CE,Nordeste,568.44
2020-07-01,Fortaleza,CE,Nordeste,565.35
2020-08-01,Fortaleza,CE,Nordeste,599.89
2020-09-01,Fortaleza,CE,Nordeste,616.55
2020-10-01,Fortaleza,CE,Nordeste,630.67
2020-11-01,Fortaleza,CE,Nordeste,621.85
2020-12-01,Fortaleza,CE,Nordeste,607.03
2021-01-01,Fortaleza,CE,Nordeste,588.49
2021-02-01,Fortaleza,CE,Nordeste,602.67
2021-03-01,Fortaleza,CE,Nordeste,589.65
2021-04-01,Fortaleza,CE,Nordeste,571.97
2021-05-01,Fortaleza,CE,Nordeste,576.37
2021-06-01,Fortaleza,CE,Nordeste,588.7
2021-07-01,Fortaleza,CE,Nordeste,588.93
2021-08-01,Fortaleza,CE,Nordeste,580.25
2021-09-01,Fortaleza,CE,Nordeste,604.87
2021-10-01,Fortaleza,CE,Nordeste,611.09
2021-11-01,Fortaleza,CE,Nordeste,591.17
2021-12-01,Fortaleza,CE,Nordeste,615.57
2022-01-01,Fortaleza,CE,Nordeste,619.25
2022-02-01,Fortaleza,CE,Nordeste,632.23
2022-03-01,Fortaleza,CE,Nordeste,612.85
2022-04-01,Fortaleza,CE,Nordeste,606.74
2022-05-01,Fortaleza,CE,Nordeste,610.94
2022-06-01,Fortaleza,CE,Nordeste,613.24
2022-07-01,Fortaleza,CE,Nordeste,631.47
2022-08-01,Fortaleza,CE,Nordeste,615.31
2022-09-01,Fortaleza,CE,Nordeste,623.44
2022-10-01,Fortaleza,CE,Nordeste,633.23
2022-11-01,Fortaleza,CE,Nordeste,627.36
2022-12-01,Fortaleza,CE,Nordeste,640.05
2023-01-01,Fortaleza,CE,Nordeste,659.97
2023-02-01,Fortaleza,CE,Nordeste,659.53
2023-03-01,Fortaleza,CE,Nordeste,625.6
2023-04-01,Fortaleza,CE,Nordeste,634.88
2023-05-01,Fortaleza,CE,Nordeste,644.51
2023-06-01,Fortaleza,CE,Nordeste,637.89
2023-07-01,Fortaleza,CE,Nordeste,656.68
2023-08-01,Fortaleza,CE,Nordeste,658.71
2023-09-01,Fortaleza,CE,Nordeste,646.15
2023-10-01,Fortaleza,CE,Nordeste,665.02
2023-11-01,Fortaleza,CE,Nordeste,663.03
2023-12-01,Fortaleza,CE,Nordeste,668.56
2024-01-01,Fortaleza,CE,Nordeste,671.47
2024-02-01,Fortaleza,CE,Nordeste,682.98
2024-03-01,Fortaleza,CE,Nordeste,657.31
2024-04-01,Fortaleza,CE,Nordeste,645.19
2024-05-01,Fortaleza,CE,Nordeste,667.05
2024-06-01,Fortaleza,CE,Nordeste,687.44
2024-07-01,Fortaleza,CE,Nordeste,683.24
2024-08-01,Fortaleza,CE,Nordeste,683.3
2024-09-01,Fortaleza,CE,Nordeste,684.9
2024-10-01,Fortaleza,CE,Nordeste,681.47
2024-11-01,Fortaleza,CE,Nordeste,689.86
2024-12-01,Fortaleza,CE,Nordeste,697.64
2025-01-01,Fortaleza,CE,Nordeste,707.36
2025-02-01,Fortaleza,CE,Nordeste,719.55
2025-03-01,Fortaleza,CE,Nordeste,703.78
2025-04-01,Fortaleza,CE,Nordeste,696.84
2025-05-01,Fortaleza,CE,Nordeste,706.53
2025-06-01,Fortaleza,CE,Nordeste,711.0
2025-07-01,Fortaleza,CE,Nordeste,725.8
2025-08-01,Fortaleza,CE,Nordeste,722.59
2025-09-01,Fortaleza,CE,Nordeste,733.77
2025-10-01,Fortaleza,CE,Nordeste,731.05
2025-11-01,Fortaleza,CE,Nordeste,734.2
2025-12-01,Fortaleza,CE,Nordeste,747.8
2026-01-01,Fortaleza,CE,Nordeste,751.94
2026-02-01,Fortaleza,CE,Nordeste,770.59
2026-03-01,Fortaleza,CE,Nordeste,750.0
2020-01-01,Goiânia,GO,Centro-Oeste,591.64
2020-02-01,Goiânia,GO,Centro-Oeste,600.58
2020-03-01,Goiânia,GO,Centro-Oeste,590.08
2020-04-01,Goiânia,GO,Centro-Oeste,592.24
2020-05-01,Goiânia,GO,Centro-Oeste,592.49
2020-06-01,Goiânia,GO,Centro-Oeste,597.44
2020-07-01,Goiânia,GO,Centro-Oeste,612.03
2020-08-01,Goiânia,GO,Centro-Oeste,644.97
2020-09-01,Goiânia,GO,Centro-Oeste,661.2
2020-10-01,Goiânia,GO,Centro-Oeste,663.68
2020-11-01,Goiânia,GO,Centro-Oeste,659.13
2020-12-01,Goiânia,GO,Centro-Oeste,666.9
2021-01-01,Goiânia,GO,Centro-Oeste,619.92
2021-02-01,Goiânia,GO,Centro-Oeste,639.87
2021-03-01,Goiânia,GO,Centro-Oeste,621.12
2021-04-01,Goiânia,GO,Centro-Oeste,611.56
2021-05-01,Goiânia,GO,Centro-Oeste,626.63
2021-06-01,Goiânia,GO,Centro-Oeste,624.57
2021-07-01,Goiânia,GO,Centro-Oeste,621.49
2021-08-01,Goiânia,GO,Centro-Oeste,622.87
2021-09-01,Goiânia,GO,Centro-Oeste,642.75
2021-10-01,Goiânia,GO,Centro-Oeste,630.24
2021-11-01,Goiânia,GO,Centro-Oeste,657.12
2021-12-01,Goiânia,GO,Centro-Oeste,629.03
2022-01-01,Goiânia,GO,Centro-Oeste,674.85
2022-02-01,Goiânia,GO,Centro-Oeste,665.64
2022-03-01,Goiânia,GO,Centro-Oeste,652.8
2022-04-01,Goiânia,GO,Centro-Oeste,642.03
2022-05-01,Goiânia,GO,Centro-Oeste,652.2
2022-06-01,Goiânia,GO,Centro-Oeste,661.26
2022-07-01,Goiânia,GO,Centro-Oeste,673.07
2022-08-01,Goiânia,GO,Centro-Oeste,667.85
2022-09-01,Goiânia,GO,Centro-Oeste,670.84
2022-10-01,Goiânia,GO,Centro-Oeste,669.45
2022-11-01,Goiânia,GO,Centro-Oeste,674.63
2022-12-01,Goiânia,GO,Centro-Oeste,680.28
2023-01-01,Goiânia,GO,Centro-Oeste,680.5
2023-02-01,Goiânia,GO,Centro-Oeste,686.21
2023-03-01,Goiânia,GO,Centro-Oeste,692.05
2023-04-01,Goiânia,GO,Centro-Oeste,679.92
2023-05-01,Goiânia,GO,Centro-Oeste,679.83
2023-06-01,Goiânia,GO,Centro-Oeste,694.63
2023-07-01,Goiânia,GO,Centro-Oeste,700.08
2023-08-01,Goiânia,GO,Centro-Oeste,695.81
2023-09-01,Goiânia,GO,Centro-Oeste,696.74
2023-10-01,Goiânia,GO,Centro-Oeste,707.38
2023-11-01,Goiânia,GO,Centro-Oeste,700.85
2023-12-01,Goiânia,GO,Centro-Oeste,714.82
2024-01-01,Goiânia,GO,Centro-Oeste,715.11
2024-02-01,Goiânia,GO,Centro-Oeste,739.92
2024-03-01,Goiânia,GO,Centro-Oeste,724.03
2024-04-01,Goiânia,GO,Centro-Oeste,714.37
2024-05-01,Goiânia,GO,Centro-Oeste,723.07
2024-06-01,Goiânia,GO,Centro-Oeste,742.37
2024-07-01,Goiânia,GO,Centro-Oeste,740.11
2024-08-01,Goiânia,GO,Centro-Oeste,720.24
2024-09-01,Goiânia,GO,Centro-Oeste,727.71
2024-10-01,Goiânia,GO,Centro-Oeste,735.94
2024-11-01,Goiânia,GO,Centro-Oeste,744.15
2024-12-01,Goiânia,GO,Centro-Oeste,751.1
2025-01-01,Goiânia,GO,Centro-Oeste,759.19
2025-02-01,Goiânia,GO,Centro-Oeste,769.59
2025-03-01,Goiânia,GO,Centro-Oeste,750.04
2025-04-01,Goiânia,GO,Centro-Oeste,742.87
2025-05-01,Goiânia,GO,Centro-Oeste,739.18
2025-06-01,Goiânia,GO,Centro-Oeste,757.19
2025-07-01,Goiânia,GO,Centro-Oeste,756.5
2025-08-01,Goiânia,GO,Centro-Oeste,762.24
2025-09-01,Goiânia,GO,Centro-Oeste,781.18
2025-10-01,Goiânia,GO,Centro-Oeste,767.95
2025-11-01,Goiânia,GO,Centro-Oeste,799.27
2025-12-01,Goiânia,GO,Centro-Oeste,784.99
2026-01-01,Goiânia,GO,Centro-Oeste,800.99
2026-02-01,Goiânia,GO,Centro-Oeste,795.53
2026-03-01,Goiânia,GO,Centro-Oeste,795.0
2020-01-01,João Pessoa,PB,Nordeste,582.46
2020-02-01,João Pessoa,PB,Nordeste,576.68
2020-03-01,João Pessoa,PB,Nordeste,571.76
2020-04-01,João Pessoa,PB,Nordeste,561.76
2020-05-01,João Pessoa,PB,Nordeste,579.41
2020-06-01,João Pessoa,PB,Nordeste,581.97
2020-07-01,João Pessoa,PB,Nordeste,586.79
2020-08-01,João Pessoa,PB,Nordeste,635.81
2020-09-01,João Pessoa,PB,Nordeste,643.03
2020-10-01,João Pessoa,PB,Nordeste,638.24
2020-11-01,João Pessoa,PB,Nordeste,629.58
2020-12-01,João Pessoa,PB,Nordeste,646.33
2021-01-01,João Pessoa,PB,Nordeste,605.21
2021-02-01,João Pessoa,PB,Nordeste,609.23
2021-03-01,João Pessoa,PB,Nordeste,609.11
2021-04-01,João Pessoa,PB,Nordeste,608.22
2021-05-01,João Pessoa,PB,Nordeste,601.46
2021-06-01,João Pessoa,PB,Nordeste,615.95
2021-07-01,João Pessoa,PB,Nordeste,630.15
2021-08-01,João Pessoa,PB,Nordeste,621.52
2021-09-01,João Pessoa,PB,Nordeste,643.49
2021-10-01,João Pessoa,PB,Nordeste,630.3
2021-11-01,João Pessoa,PB,Nordeste,614.8
2021-12-01,João Pessoa,PB,Nordeste,638.04
2022-01-01,João Pessoa,PB,Nordeste,650.91
2022-02-01,João Pessoa,PB,Nordeste,661.4
2022-03-01,João Pessoa,PB,Nordeste,646.87
2022-04-01,João Pessoa,PB,Nordeste,633.9
2022-05-01,João Pessoa,PB,Nordeste,628.37
2022-06-01,João Pessoa,PB,Nordeste,649.43
2022-07-01,João Pessoa,PB,Nordeste,647.53
2022-08-01,João Pessoa,PB,Nordeste,652.95
2022-09-01,João Pessoa,PB,Nordeste,665.57
2022-10-01,João Pessoa,PB,Nordeste,677.5
2022-11-01,João Pessoa,PB,Nordeste,670.6
2022-12-01,João Pessoa,PB,Nordeste,661.2
2023-01-01,João Pessoa,PB,Nordeste,691.14
2023-02-01,João Pessoa,PB,Nordeste,700.57
2023-03-01,João Pessoa,PB,Nordeste,675.94
2023-04-01,João Pessoa,PB,Nordeste,672.87
2023-05-01,João Pessoa,PB,Nordeste,677.41
2023-06-01,João Pessoa,PB,Nordeste,684.75
2023-07-01,João Pessoa,PB,Nordeste,699.65
2023-08-01,João Pessoa,PB,Nordeste,696.95
2023-09-01,João Pessoa,PB,Nordeste,704.74
2023-10-01,João Pessoa,PB,Nordeste,697.77
2023-11-01,João Pessoa,PB,Nordeste,704.87
2023-12-01,João Pessoa,PB,Nordeste,717.67
2024-01-01,João Pessoa,PB,Nordeste,726.76
2024-02-01,João Pessoa,PB,Nordeste,747.19
2024-03-01,João Pessoa,PB,Nordeste,719.37
2024-04-01,João Pessoa,PB,Nordeste,717.06
2024-05-01,João Pessoa,PB,Nordeste,726.28
2024-06-01,João Pessoa,PB,Nordeste,722.05
2024-07-01,João Pessoa,PB,Nordeste,722.96
2024-08-01,João Pessoa,PB,Nordeste,728.5
2024-09-01,João Pessoa,PB,Nordeste,754.49
2024-10-01,João Pessoa,PB,Nordeste,743.68
2024-11-01,João Pessoa,PB,Nordeste,772.28
2024-12-01,João Pessoa,PB,Nordeste,751.03
2025-01-01,João Pessoa,PB,Nordeste,775.97
2025-02-01,João Pessoa,PB,Nordeste,790.68
2025-03-01,João Pessoa,PB,Nordeste,782.92
2025-04-01,João Pessoa,PB,Nordeste,775.62
2025-05-01,João Pessoa,PB,Nordeste,767.48
2025-06-01,João Pessoa,PB,Nordeste,776.2
2025-07-01,João Pessoa,PB,Nordeste,771.42
2025-08-01,João Pessoa,PB,Nordeste,771.47
2025-09-01,João Pessoa,PB,Nordeste,759.75
2025-10-01,João Pessoa,PB,Nordeste,756.29
2025-11-01,João Pessoa,PB,Nordeste,761.09
2025-12-01,João Pessoa,PB,Nordeste,758.32
2026-01-01,João Pessoa,PB,Nordeste,769.83
2026-02-01,João Pessoa,PB,Nordeste,776.85
2026-03-01,João Pessoa,PB,Nordeste,762.0
2020-01-01,Macapá,AP,Norte,578.99
2020-02-01,Macapá,AP,Norte,590.12
2020-03-01,Macapá,AP,Norte,581.5
2020-04-01,Macapá,AP,Norte,564.12
2020-05-01,Macapá,AP,Norte,579.01
2020-06-01,Macapá,AP,Norte,579.73
2020-07-01,Macapá,AP,Norte,601.7
2020-08-01,Macapá,AP,Norte,630.66
2020-09-01,Macapá,AP,Norte,642.4
2020-10-01,Macapá,AP,Norte,637.43
2020-11-01,Macapá,AP,Norte,664.7
2020-12-01,Macapá,AP,Norte,640.25
2021-01-01,Macapá,AP,Norte,621.31
2021-02-01,Macapá,AP,Norte,614.32
2021-03-01,Macapá,AP,Norte,608.26
2021-04-01,Macapá,AP,Norte,608.57
2021-05-01,Macapá,AP,Norte,617.76
2021-06-01,Macapá,AP,Norte,633.31
2021-07-01,Macapá,AP,Norte,611.13
2021-08-01,Macapá,AP,Norte,628.69
2021-09-01,Macapá,AP,Norte,641.36
2021-10-01,Macapá,AP,Norte,619.36
2021-11-01,Macapá,AP,Norte,638.53
2021-12-01,Macapá,AP,Norte,639.18
2022-01-01,Macapá,AP,Norte,658.56
2022-02-01,Macapá,AP,Norte,652.35
2022-03-01,Macapá,AP,Norte,637.37
2022-04-01,Macapá,AP,Norte,627.02
2022-05-01,Macapá,AP,Norte,653.35
2022-06-01,Macapá,AP,Norte,667.48
2022-07-01,Macapá,AP,Norte,664.37
2022-08-01,Macapá,AP,Norte,660.99
2022-09-01,Macapá,AP,Norte,655.62
2022-10-01,Macapá,AP,Norte,676.46
2022-11-01,Macapá,AP,Norte,666.51
2022-12-01,Macapá,AP,Norte,673.01
2023-01-01,Macapá,AP,Norte,691.05
2023-02-01,Macapá,AP,Norte,697.65
2023-03-01,Macapá,AP,Norte,682.88
2023-04-01,Macapá,AP,Norte,682.28
2023-05-01,Macapá,AP,Norte,680.46
2023-06-01,Macapá,AP,Norte,704.97
2023-07-01,Macapá,AP,Norte,711.11
2023-08-01,Macapá,AP,Norte,707.25
2023-09-01,Macapá,AP,Norte,713.62
2023-10-01,Macapá,AP,Norte,730.42
2023-11-01,Macapá,AP,Norte,707.67
2023-12-01,Macapá,AP,Norte,710.77
2024-01-01,Macapá,AP,Norte,744.3
2024-02-01,Macapá,AP,Norte,758.01
2024-03-01,Macapá,AP,Norte,729.44
2024-04-01,Macapá,AP,Norte,737.98
2024-05-01,Macapá,AP,Norte,728.56
2024-06-01,Macapá,AP,Norte,737.13
2024-07-01,Macapá,AP,Norte,738.37
2024-08-01,Macapá,AP,Norte,755.07
2024-09-01,Macapá,AP,Norte,746.47
2024-10-01,Macapá,AP,Norte,758.22
2024-11-01,Macapá,AP,Norte,774.03
2024-12-01,Macapá,AP,Norte,762.72
2025-01-01,Macapá,AP,Norte,794.9
2025-02-01,Macapá,AP,Norte,778.6
2025-03-01,Macapá,AP,Norte,772.46
2025-04-01,Macapá,AP,Norte,757.66
2025-05-01,Macapá,AP,Norte,769.37
2025-06-01,Macapá,AP,Norte,786.53
2025-07-01,Macapá,AP,Norte,780.78
2025-08-01,Macapá,AP,Norte,789.62
2025-09-01,Macapá,AP,Norte,773.95
2025-10-01,Macapá,AP,Norte,781.31
2025-11-01,Macapá,AP,Norte,775.24
2025-12-01,Macapá,AP,Norte,781.81
2026-01-01,Macapá,AP,Norte,798.16
2026-02-01,Macapá,AP,Norte,798.41
2026-03-01,Macapá,AP,Norte,770.0
2020-01-01,Maceió,AL,Nordeste,549.95
2020-02-01,Maceió,AL,Nordeste,581.37
2020-03-01,Maceió,AL,Nordeste,563.01
2020-04-01,Maceió,AL,Nordeste,553.63
2020-05-01,Maceió,AL,Nordeste,556.73
2020-06-01,Maceió,AL,Nordeste,573.8
2020-07-01,Maceió,AL,Nordeste,581.55
2020-08-01,Maceió,AL,Nordeste,616.08
2020-09-01,Maceió,AL,Nordeste,631.61
2020-10-01,Maceió,AL,Nordeste,637.81
2020-11-01,Maceió,AL,Nordeste,651.22
2020-12-01,Maceió,AL,Nordeste,630.84
2021-01-01,Maceió,AL,Nordeste,604.11
2021-02-01,Maceió,AL,Nordeste,611.99
2021-03-01,Maceió,AL,Nordeste,610.07
2021-04-01,Maceió,AL,Nordeste,592.36
2021-05-01,Maceió,AL,Nordeste,607.31
2021-06-01,Maceió,AL,Nordeste,594.32
2021-07-01,Maceió,AL,Nordeste,602.79
2021-08-01,Maceió,AL,Nordeste,618.63
2021-09-01,Maceió,AL,Nordeste,607.59
2021-10-01,Maceió,AL,Nordeste,612.53
2021-11-01,Maceió,AL,Nordeste,620.77
2021-12-01,Maceió,AL,Nordeste,634.24
2022-01-01,Maceió,AL,Nordeste,628.62
2022-02-01,Maceió,AL,Nordeste,648.33
2022-03-01,Maceió,AL,Nordeste,645.67
2022-04-01,Maceió,AL,Nordeste,629.38
2022-05-01,Maceió,AL,Nordeste,631.1
2022-06-01,Maceió,AL,Nordeste,650.09
2022-07-01,Maceió,AL,Nordeste,648.53
2022-08-01,Maceió,AL,Nordeste,664.39
2022-09-01,Maceió,AL,Nordeste,647.6
2022-10-01,Maceió,AL,Nordeste,659.31
2022-11-01,Maceió,AL,Nordeste,664.62
2022-12-01,Maceió,AL,Nordeste,663.21
2023-01-01,Maceió,AL,Nordeste,659.95
2023-02-01,Maceió,AL,Nordeste,685.0
2023-03-01,Maceió,AL,Nordeste,683.34
2023-04-01,Maceió,AL,Nordeste,675.51
2023-05-01,Maceió,AL,Nordeste,675.42
2023-06-01,Maceió,AL,Nordeste,677.41
2023-07-01,Maceió,AL,Nordeste,692.73
2023-08-01,Maceió,AL,Nordeste,688.38
2023-09-01,Maceió,AL,Nordeste,699.21
2023-10-01,Maceió,AL,Nordeste,700.79
2023-11-01,Maceió,AL,Nordeste,695.45
2023-12-01,Maceió,AL,Nordeste,699.59
2024-01-01,Maceió,AL,Nordeste,727.26
2024-02-01,Maceió,AL,Nordeste,726.22
2024-03-01,Maceió,AL,Nordeste,710.51
2024-04-01,Maceió,AL,Nordeste,702.57
2024-05-01,Maceió,AL,Nordeste,711.02
2024-06-01,Maceió,AL,Nordeste,740.43
2024-07-01,Maceió,AL,Nordeste,727.27
2024-08-01,Maceió,AL,Nordeste,734.97
2024-09-01,Maceió,AL,Nordeste,739.52
2024-10-01,Maceió,AL,Nordeste,733.3
2024-11-01,Maceió,AL,Nordeste,731.9
2024-12-01,Maceió,AL,Nordeste,741.47
2025-01-01,Maceió,AL,Nordeste,770.42
2025-02-01,Maceió,AL,Nordeste,772.93
2025-03-01,Maceió,AL,Nordeste,766.44
2025-04-01,Maceió,AL,Nordeste,753.88
2025-05-01,Maceió,AL,Nordeste,752.28
2025-06-01,Maceió,AL,Nordeste,759.87
2025-07-01,Maceió,AL,Nordeste,771.65
2025-08-01,Maceió,AL,Nordeste,757.46
2025-09-01,Maceió,AL,Nordeste,755.98
2025-10-01,Maceió,AL,Nordeste,769.01
2025-11-01,Maceió,AL,Nordeste,754.25
2025-12-01,Maceió,AL,Nordeste,783.04
2026-01-01,Maceió,AL,Nordeste,780.28
2026-02-01,Maceió,AL,Nordeste,782.19
2026-03-01,Maceió,AL,Nordeste,758.0
2020-01-01,Manaus,AM,Norte,614.56
2020-02-01,Manaus,AM,Norte,611.57
2020-03-01,Manaus,AM,Norte,630.62
2020-04-01,Manaus,AM,Norte,602.36
2020-05-01,Manaus,AM,Norte,602.23
2020-06-01,Manaus,AM,Norte,601.4
2020-07-01,Manaus,AM,Norte,628.21
2020-08-01,Manaus,AM,Norte,665.87
2020-09-01,Manaus,AM,Norte,676.68
2020-10-01,Manaus,AM,Norte,686.88
2020-11-01,Manaus,AM,Norte,674.05
2020-12-01,Manaus,AM,Norte,685.17
2021-01-01,Manaus,AM,Norte,661.26
2021-02-01,Manaus,AM,Norte,631.99
2021-03-01,Manaus,AM,Norte,634.92
2021-04-01,Manaus,AM,Norte,627.06
2021-05-01,Manaus,AM,Norte,635.32
2021-06-01,Manaus,AM,Norte,648.69
2021-07-01,Manaus,AM,Norte,643.16
2021-08-01,Manaus,AM,Norte,649.01
2021-09-01,Manaus,AM,Norte,650.65
2021-10-01,Manaus,AM,Norte,656.64
2021-11-01,Manaus,AM,Norte,663.81
2021-12-01,Manaus,AM,Norte,671.98
2022-01-01,Manaus,AM,Norte,689.12
2022-02-01,Manaus,AM,Norte,688.61
2022-03-01,Manaus,AM,Norte,665.65
2022-04-01,Manaus,AM,Norte,665.15
2022-05-01,Manaus,AM,Norte,686.81
2022-06-01,Manaus,AM,Norte,688.8
2022-07-01,Manaus,AM,Norte,679.86
2022-08-01,Manaus,AM,Norte,698.75
2022-09-01,Manaus,AM,Norte,685.71
2022-10-01,Manaus,AM,Norte,686.21
2022-11-01,Manaus,AM,Norte,705.46
2022-12-01,Manaus,AM,Norte,686.58
2023-01-01,Manaus,AM,Norte,698.51
2023-02-01,Manaus,AM,Norte,724.18
2023-03-01,Manaus,AM,Norte,705.61
2023-04-01,Manaus,AM,Norte,698.59
2023-05-01,Manaus,AM,Norte,697.44
2023-06-01,Manaus,AM,Norte,711.92
2023-07-01,Manaus,AM,Norte,712.99
2023-08-01,Manaus,AM,Norte,714.49
2023-09-01,Manaus,AM,Norte,719.3
2023-10-01,Manaus,AM,Norte,721.92
2023-11-01,Manaus,AM,Norte,721.48
2023-12-01,Manaus,AM,Norte,726.63
2024-01-01,Manaus,AM,Norte,728.55
2024-02-01,Manaus,AM,Norte,757.02
2024-03-01,Manaus,AM,Norte,742.86
2024-04-01,Manaus,AM,Norte,730.85
2024-05-01,Manaus,AM,Norte,736.33
2024-06-01,Manaus,AM,Norte,750.77
2024-07-01,Manaus,AM,Norte,745.76
2024-08-01,Manaus,AM,Norte,750.27
2024-09-01,Manaus,AM,Norte,761.76
2024-10-01,Manaus,AM,Norte,762.2
2024-11-01,Manaus,AM,Norte,779.9
2024-12-01,Manaus,AM,Norte,779.54
2025-01-01,Manaus,AM,Norte,792.49
2025-02-01,Manaus,AM,Norte,782.05
2025-03-01,Manaus,AM,Norte,771.24
2025-04-01,Manaus,AM,Norte,759.13
2025-05-01,Manaus,AM,Norte,773.1
2025-06-01,Manaus,AM,Norte,764.41
2025-07-01,Manaus,AM,Norte,786.49
2025-08-01,Manaus,AM,Norte,791.53
2025-09-01,Manaus,AM,Norte,785.57
2025-10-01,Manaus,AM,Norte,808.09
2025-11-01,Manaus,AM,Norte,796.37
2025-12-01,Manaus,AM,Norte,811.59
2026-01-01,Manaus,AM,Norte,852.04
2026-02-01,Manaus,AM,Norte,820.6
2026-03-01,Manaus,AM,Norte,820.0
2020-01-01,Natal,RN,Nordeste,569.47
2020-02-01,Natal,RN,Nordeste,579.31
2020-03-01,Natal,RN,Nordeste,554.61
2020-04-01,Natal,RN,Nordeste,580.3
2020-05-01,Natal,RN,Nordeste,556.35
2020-06-01,Natal,RN,Nordeste,576.31
2020-07-01,Natal,RN,Nordeste,588.11
2020-08-01,Natal,RN,Nordeste,620.47
2020-09-01,Natal,RN,Nordeste,611.27
2020-10-01,Natal,RN,Nordeste,628.46
2020-11-01,Natal,RN,Nordeste,627.35
2020-12-01,Natal,RN,Nordeste,618.49
2021-01-01,Natal,RN,Nordeste,605.83
2021-02-01,Natal,RN,Nordeste,607.43
2021-03-01,Natal,RN,Nordeste,605.23
2021-04-01,Natal,RN,Nordeste,580.35
2021-05-01,Natal,RN,Nordeste,578.7
2021-06-01,Natal,RN,Nordeste,599.47
2021-07-01,Natal,RN,Nordeste,604.24
2021-08-01,Natal,RN,Nordeste,614.55
2021-09-01,Natal,RN,Nordeste,620.71
2021-10-01,Natal,RN,Nordeste,621.39
2021-11-01,Natal,RN,Nordeste,616.15
2021-12-01,Natal,RN,Nordeste,622.6
2022-01-01,Natal,RN,Nordeste,625.73
2022-02-01,Natal,RN,Nordeste,634.53
2022-03-01,Natal,RN,Nordeste,613.53
2022-04-01,Natal,RN,Nordeste,616.48
2022-05-01,Natal,RN,Nordeste,618.97
2022-06-01,Natal,RN,Nordeste,643.77
2022-07-01,Natal,RN,Nordeste,630.49
2022-08-01,Natal,RN,Nordeste,635.37
2022-09-01,Natal,RN,Nordeste,638.89
2022-10-01,Natal,RN,Nordeste,635.71
2022-11-01,Natal,RN,Nordeste,635.29
2022-12-01,Natal,RN,Nordeste,654.47
2023-01-01,Natal,RN,Nordeste,651.55
2023-02-01,Natal,RN,Nordeste,651.21
2023-03-01,Natal,RN,Nordeste,656.69
2023-04-01,Natal,RN,Nordeste,653.11
2023-05-01,Natal,RN,Nordeste,642.62
2023-06-01,Natal,RN,Nordeste,655.0
2023-07-01,Natal,RN,Nordeste,663.19
2023-08-01,Natal,RN,Nordeste,657.7
2023-09-01,Natal,RN,Nordeste,659.56
2023-10-01,Natal,RN,Nordeste,675.31
2023-11-01,Natal,RN,Nordeste,675.6
2023-12-01,Natal,RN,Nordeste,683.71
2024-01-01,Natal,RN,Nordeste,679.2
2024-02-01,Natal,RN,Nordeste,687.75
2024-03-01,Natal,RN,Nordeste,682.96
2024-04-01,Natal,RN,Nordeste,665.57
2024-05-01,Natal,RN,Nordeste,680.6
2024-06-01,Natal,RN,Nordeste,698.08
2024-07-01,Natal,RN,Nordeste,686.16
2024-08-01,Natal,RN,Nordeste,693.69
2024-09-01,Natal,RN,Nordeste,707.59
2024-10-01,Natal,RN,Nordeste,712.91
2024-11-01,Natal,RN,Nordeste,707.06
2024-12-01,Natal,RN,Nordeste,708.43
2025-01-01,Natal,RN,Nordeste,713.58
2025-02-01,Natal,RN,Nordeste,725.94
2025-03-01,Natal,RN,Nordeste,715.96
2025-04-01,Natal,RN,Nordeste,701.74
2025-05-01,Natal,RN,Nordeste,704.05
2025-06-01,Natal,RN,Nordeste,714.81
2025-07-01,Natal,RN,Nordeste,716.62
2025-08-01,Natal,RN,Nordeste,720.43
2025-09-01,Natal,RN,Nordeste,746.6
2025-10-01,Natal,RN,Nordeste,748.72
2025-11-01,Natal,RN,Nordeste,749.21
2025-12-01,Natal,RN,Nordeste,756.15
2026-01-01,Natal,RN,Nordeste,781.66
2026-02-01,Natal,RN,Nordeste,784.43
2026-03-01,Natal,RN,Nordeste,765.0
2020-01-01,Palmas,TO,Norte,585.55
2020-02-01,Palmas,TO,Norte,594.74
2020-03-01,Palmas,TO,Norte,566.41
2020-04-01,Palmas,TO,Norte,574.81
2020-05-01,Palmas,TO,Norte,578.11
2020-06-01,Palmas,TO,Norte,581.34
2020-07-01,Palmas,TO,Norte,597.25
2020-08-01,Palmas,TO,Norte,634.68
2020-09-01,Palmas,TO,Norte,639.63
2020-10-01,Palmas,TO,Norte,640.0
2020-11-01,Palmas,TO,Norte,644.28
2020-12-01,Palmas,TO,Norte,638.17
2021-01-01,Palmas,TO,Norte,602.12
2021-02-01,Palmas,TO,Norte,629.04
2021-03-01,Palmas,TO,Norte,600.04
2021-04-01,Palmas,TO,Norte,592.36
2021-05-01,Palmas,TO,Norte,585.66
2021-06-01,Palmas,TO,Norte,609.6
2021-07-01,Palmas,TO,Norte,606.78
2021-08-01,Palmas,TO,Norte,633.17
2021-09-01,Palmas,TO,Norte,630.79
2021-10-01,Palmas,TO,Norte,619.9
2021-11-01,Palmas,TO,Norte,646.12
2021-12-01,Palmas,TO,Norte,638.67
2022-01-01,Palmas,TO,Norte,643.61
2022-02-01,Palmas,TO,Norte,629.01
2022-03-01,Palmas,TO,Norte,657.35
2022-04-01,Palmas,TO,Norte,621.04
2022-05-01,Palmas,TO,Norte,621.73
2022-06-01,Palmas,TO,Norte,655.52
2022-07-01,Palmas,TO,Norte,669.66
2022-08-01,Palmas,TO,Norte,664.02
2022-09-01,Palmas,TO,Norte,660.28
2022-10-01,Palmas,TO,Norte,663.36
2022-11-01,Palmas,TO,Norte,668.27
2022-12-01,Palmas,TO,Norte,670.37
2023-01-01,Palmas,TO,Norte,682.76
2023-02-01,Palmas,TO,Norte,684.29
2023-03-01,Palmas,TO,Norte,672.45
2023-04-01,Palmas,TO,Norte,659.68
2023-05-01,Palmas,TO,Norte,666.35
2023-06-01,Palmas,TO,Norte,668.16
2023-07-01,Palmas,TO,Norte,683.86
2023-08-01,Palmas,TO,Norte,679.7
2023-09-01,Palmas,TO,Norte,681.75
2023-10-01,Palmas,TO,Norte,695.0
2023-11-01,Palmas,TO,Norte,707.69
2023-12-01,Palmas,TO,Norte,706.91
2024-01-01,Palmas,TO,Norte,704.07
2024-02-01,Palmas,TO,Norte,711.82
2024-03-01,Palmas,TO,Norte,716.19
2024-04-01,Palmas,TO,Norte,693.19
2024-05-01,Palmas,TO,Norte,702.28
2024-06-01,Palmas,TO,Norte,722.29
2024-07-01,Palmas,TO,Norte,713.25
2024-08-01,Palmas,TO,Norte,724.95
2024-09-01,Palmas,TO,Norte,716.56
2024-10-01,Palmas,TO,Norte,725.56
2024-11-01,Palmas,TO,Norte,736.09
2024-12-01,Palmas,TO,Norte,723.95
2025-01-01,Palmas,TO,Norte,758.2
2025-02-01,Palmas,TO,Norte,757.78
2025-03-01,Palmas,TO,Norte,750.71
2025-04-01,Palmas,TO,Norte,740.06
2025-05-01,Palmas,TO,Norte,749.98
2025-06-01,Palmas,TO,Norte,752.2
2025-07-01,Palmas,TO,Norte,748.64
2025-08-01,Palmas,TO,Norte,753.84
2025-09-01,Palmas,TO,Norte,757.97
2025-10-01,Palmas,TO,Norte,754.9
2025-11-01,Palmas,TO,Norte,755.64
2025-12-01,Palmas,TO,Norte,750.65
2026-01-01,Palmas,TO,Norte,766.91
2026-02-01,Palmas,TO,Norte,762.0
2026-03-01,Palmas,TO,Norte,772.0
2020-01-01,Porto Alegre,RS,Sul,659.0
2020-02-01,Porto Alegre,RS,Sul,648.57
2020-03-01,Porto Alegre,RS,Sul,640.36
2020-04-01,Porto Alegre,RS,Sul,630.63
2020-05-01,Porto Alegre,RS,Sul,648.85
2020-06-01,Porto Alegre,RS,Sul,665.7
2020-07-01,Porto Alegre,RS,Sul,662.04
2020-08-01,Porto Alegre,RS,Sul,722.21
2020-09-01,Porto Alegre,RS,Sul,711.11
2020-10-01,Porto Alegre,RS,Sul,722.6
2020-11-01,Porto Alegre,RS,Sul,713.88
2020-12-01,Porto Alegre,RS,Sul,722.08
2021-01-01,Porto Alegre,RS,Sul,698.06
2021-02-01,Porto Alegre,RS,Sul,692.38
2021-03-01,Porto Alegre,RS,Sul,693.56
2021-04-01,Porto Alegre,RS,Sul,681.11
2021-05-01,Porto Alegre,RS,Sul,701.87
2021-06-01,Porto Alegre,RS,Sul,694.35
2021-07-01,Porto Alegre,RS,Sul,685.62
2021-08-01,Porto Alegre,RS,Sul,699.88
2021-09-01,Porto Alegre,RS,Sul,695.75
2021-10-01,Porto Alegre,RS,Sul,714.58
2021-11-01,Porto Alegre,RS,Sul,710.43
2021-12-01,Porto Alegre,RS,Sul,712.35
2022-01-01,Porto Alegre,RS,Sul,730.15
2022-02-01,Porto Alegre,RS,Sul,740.51
2022-03-01,Porto Alegre,RS,Sul,719.96
2022-04-01,Porto Alegre,RS,Sul,722.3
2022-05-01,Porto Alegre,RS,Sul,727.82
2022-06-01,Porto Alegre,RS,Sul,731.12
2022-07-01,Porto Alegre,RS,Sul,729.91
2022-08-01,Porto Alegre,RS,Sul,736.69
2022-09-01,Porto Alegre,RS,Sul,749.96
2022-10-01,Porto Alegre,RS,Sul,748.53
2022-11-01,Porto Alegre,RS,Sul,756.35
2022-12-01,Porto Alegre,RS,Sul,768.96
2023-01-01,Porto Alegre,RS,Sul,775.43
2023-02-01,Porto Alegre,RS,Sul,770.75
2023-03-01,Porto Alegre,RS,Sul,774.03
2023-04-01,Porto Alegre,RS,Sul,758.06
2023-05-01,Porto Alegre,RS,Sul,768.19
2023-06-01,Porto Alegre,RS,Sul,784.98
2023-07-01,Porto Alegre,RS,Sul,772.44
2023-08-01,Porto Alegre,RS,Sul,794.84
2023-09-01,Porto Alegre,RS,Sul,794.72
2023-10-01,Porto Alegre,RS,Sul,786.36
2023-11-01,Porto Alegre,RS,Sul,797.35
2023-12-01,Porto Alegre,RS,Sul,800.72
2024-01-01,Porto Alegre,RS,Sul,818.67
2024-02-01,Porto Alegre,RS,Sul,829.31
2024-03-01,Porto Alegre,RS,Sul,821.51
2024-04-01,Porto Alegre,RS,Sul,801.68
2024-05-01,Porto Alegre,RS,Sul,816.04
2024-06-01,Porto Alegre,RS,Sul,829.42
2024-07-01,Porto Alegre,RS,Sul,827.24
2024-08-01,Porto Alegre,RS,Sul,830.68
2024-09-01,Porto Alegre,RS,Sul,823.96
2024-10-01,Porto Alegre,RS,Sul,825.1
2024-11-01,Porto Alegre,RS,Sul,842.37
2024-12-01,Porto Alegre,RS,Sul,838.17
2025-01-01,Porto Alegre,RS,Sul,865.66
2025-02-01,Porto Alegre,RS,Sul,865.78
2025-03-01,Porto Alegre,RS,Sul,842.71
2025-04-01,Porto Alegre,RS,Sul,851.0
2025-05-01,Porto Alegre,RS,Sul,844.42
2025-06-01,Porto Alegre,RS,Sul,860.81
2025-07-01,Porto Alegre,RS,Sul,852.66
2025-08-01,Porto Alegre,RS,Sul,856.57
2025-09-01,Porto Alegre,RS,Sul,870.83
2025-10-01,Porto Alegre,RS,Sul,859.12
2025-11-01,Porto Alegre,RS,Sul,861.79
2025-12-01,Porto Alegre,RS,Sul,847.21
2026-01-01,Porto Alegre,RS,Sul,891.68
2026-02-01,Porto Alegre,RS,Sul,886.78
2026-03-01,Porto Alegre,RS,Sul,865.3
2020-01-01,Porto Velho,RO,Norte,582.67
2020-02-01,Porto Velho,RO,Norte,589.46
2020-03-01,Porto Velho,RO,Norte,570.89
2020-04-01,Porto Velho,RO,Norte,585.67
2020-05-01,Porto Velho,RO,Norte,582.87
2020-06-01,Porto Velho,RO,Norte,585.1
2020-07-01,Porto Velho,RO,Norte,589.34
2020-08-01,Porto Velho,RO,Norte,640.36
2020-09-01,Porto Velho,RO,Norte,624.82
2020-10-01,Porto Velho,RO,Norte,641.64
2020-11-01,Porto Velho,RO,Norte,640.63
2020-12-01,Porto Velho,RO,Norte,640.56
2021-01-01,Porto Velho,RO,Norte,612.64
2021-02-01,Porto Velho,RO,Norte,631.64
2021-03-01,Porto Velho,RO,Norte,612.6
2021-04-01,Porto Velho,RO,Norte,596.1
2021-05-01,Porto Velho,RO,Norte,607.55
2021-06-01,Porto Velho,RO,Norte,625.7
2021-07-01,Porto Velho,RO,Norte,624.27
2021-08-01,Porto Velho,RO,Norte,619.72
2021-09-01,Porto Velho,RO,Norte,616.44
2021-10-01,Porto Velho,RO,Norte,629.59
2021-11-01,Porto Velho,RO,Norte,629.55
2021-12-01,Porto Velho,RO,Norte,635.97
2022-01-01,Porto Velho,RO,Norte,648.93
2022-02-01,Porto Velho,RO,Norte,654.72
2022-03-01,Porto Velho,RO,Norte,631.81
2022-04-01,Porto Velho,RO,Norte,639.49
2022-05-01,Porto Velho,RO,Norte,632.95
2022-06-01,Porto Velho,RO,Norte,660.05
2022-07-01,Porto Velho,RO,Norte,640.41
2022-08-01,Porto Velho,RO,Norte,662.29
2022-09-01,Porto Velho,RO,Norte,652.48
2022-10-01,Porto Velho,RO,Norte,648.19
2022-11-01,Porto Velho,RO,Norte,652.04
2022-12-01,Porto Velho,RO,Norte,655.87
2023-01-01,Porto Velho,RO,Norte,677.57
2023-02-01,Porto Velho,RO,Norte,680.95
2023-03-01,Porto Velho,RO,Norte,661.46
2023-04-01,Porto Velho,RO,Norte,658.38
2023-05-01,Porto Velho,RO,Norte,678.25
2023-06-01,Porto Velho,RO,Norte,687.58
2023-07-01,Porto Velho,RO,Norte,679.83
2023-08-01,Porto Velho,RO,Norte,679.25
2023-09-01,Porto Velho,RO,Norte,682.51
2023-10-01,Porto Velho,RO,Norte,689.08
2023-11-01,Porto Velho,RO,Norte,678.62
2023-12-01,Porto Velho,RO,Norte,687.38
2024-01-01,Porto Velho,RO,Norte,692.58
2024-02-01,Porto Velho,RO,Norte,711.84
2024-03-01,Porto Velho,RO,Norte,702.6
2024-04-01,Porto Velho,RO,Norte,685.73
2024-05-01,Porto Velho,RO,Norte,704.84
2024-06-01,Porto Velho,RO,Norte,695.68
2024-07-01,Porto Velho,RO,Norte,696.48
2024-08-01,Porto Velho,RO,Norte,712.72
2024-09-01,Porto Velho,RO,Norte,722.03
2024-10-01,Porto Velho,RO,Norte,729.87
2024-11-01,Porto Velho,RO,Norte,715.48
2024-12-01,Porto Velho,RO,Norte,730.54
2025-01-01,Porto Velho,RO,Norte,738.87
2025-02-01,Porto Velho,RO,Norte,740.64
2025-03-01,Porto Velho,RO,Norte,737.33
2025-04-01,Porto Velho,RO,Norte,727.29
2025-05-01,Porto Velho,RO,Norte,712.57
2025-06-01,Porto Velho,RO,Norte,751.23
2025-07-01,Porto Velho,RO,Norte,753.64
2025-08-01,Porto Velho,RO,Norte,740.77
2025-09-01,Porto Velho,RO,Norte,752.18
2025-10-01,Porto Velho,RO,Norte,756.19
2025-11-01,Porto Velho,RO,Norte,757.56
2025-12-01,Porto Velho,RO,Norte,754.3
2026-01-01,Porto Velho,RO,Norte,771.84
2026-02-01,Porto Velho,RO,Norte,780.37
2026-03-01,Porto Velho,RO,Norte,778.0
2020-01-01,Recife,PE,Nordeste,567.35
2020-02-01,Recife,PE,Nordeste,566.23
2020-03-01,Recife,PE,Nordeste,556.6
2020-04-01,Recife,PE,Nordeste,558.42
2020-05-01,Recife,PE,Nordeste,568.18
2020-06-01,Recife,PE,Nordeste,561.6
2020-07-01,Recife,PE,Nordeste,572.45
2020-08-01,Recife,PE,Nordeste,623.56
2020-09-01,Recife,PE,Nordeste,628.11
2020-10-01,Recife,PE,Nordeste,626.41
2020-11-01,Recife,PE,Nordeste,624.51
2020-12-01,Recife,PE,Nordeste,623.29
2021-01-01,Recife,PE,Nordeste,597.93
2021-02-01,Recife,PE,Nordeste,591.0
2021-03-01,Recife,PE,Nordeste,566.76
2021-04-01,Recife,PE,Nordeste,587.04
2021-05-01,Recife,PE,Nordeste,593.07
2021-06-01,Recife,PE,Nordeste,578.18
2021-07-01,Recife,PE,Nordeste,591.35
2021-08-01,Recife,PE,Nordeste,606.73
2021-09-01,Recife,PE,Nordeste,620.59
2021-10-01,Recife,PE,Nordeste,606.66
2021-11-01,Recife,PE,Nordeste,603.05
2021-12-01,Recife,PE,Nordeste,609.79
2022-01-01,Recife,PE,Nordeste,636.92
2022-02-01,Recife,PE,Nordeste,623.21
2022-03-01,Recife,PE,Nordeste,612.07
2022-04-01,Recife,PE,Nordeste,607.71
2022-05-01,Recife,PE,Nordeste,606.35
2022-06-01,Recife,PE,Nordeste,626.74
2022-07-01,Recife,PE,Nordeste,641.21
2022-08-01,Recife,PE,Nordeste,633.26
2022-09-01,Recife,PE,Nordeste,631.13
2022-10-01,Recife,PE,Nordeste,633.29
2022-11-01,Recife,PE,Nordeste,625.61
2022-12-01,Recife,PE,Nordeste,647.68
2023-01-01,Recife,PE,Nordeste,655.36
2023-02-01,Recife,PE,Nordeste,657.11
2023-03-01,Recife,PE,Nordeste,673.71
2023-04-01,Recife,PE,Nordeste,643.34
2023-05-01,Recife,PE,Nordeste,637.44
2023-06-01,Recife,PE,Nordeste,652.4
2023-07-01,Recife,PE,Nordeste,667.57
2023-08-01,Recife,PE,Nordeste,661.87
2023-09-01,Recife,PE,Nordeste,652.05
2023-10-01,Recife,PE,Nordeste,673.5
2023-11-01,Recife,PE,Nordeste,663.41
2023-12-01,Recife,PE,Nordeste,686.36
2024-01-01,Recife,PE,Nordeste,696.13
2024-02-01,Recife,PE,Nordeste,686.6
2024-03-01,Recife,PE,Nordeste,689.55
2024-04-01,Recife,PE,Nordeste,672.27
2024-05-01,Recife,PE,Nordeste,681.18
2024-06-01,Recife,PE,Nordeste,691.19
2024-07-01,Recife,PE,Nordeste,683.23
2024-08-01,Recife,PE,Nordeste,687.56
2024-09-01,Recife,PE,Nordeste,703.66
2024-10-01,Recife,PE,Nordeste,695.46
2024-11-01,Recife,PE,Nordeste,697.65
2024-12-01,Recife,PE,Nordeste,695.98
2025-01-01,Recife,PE,Nordeste,723.89
2025-02-01,Recife,PE,Nordeste,739.83
2025-03-01,Recife,PE,Nordeste,703.38
2025-04-01,Recife,PE,Nordeste,704.18
2025-05-01,Recife,PE,Nordeste,718.59
2025-06-01,Recife,PE,Nordeste,720.78
2025-07-01,Recife,PE,Nordeste,728.42
2025-08-01,Recife,PE,Nordeste,719.66
2025-09-01,Recife,PE,Nordeste,735.04
2025-10-01,Recife,PE,Nordeste,733.52
2025-11-01,Recife,PE,Nordeste,746.39
2025-12-01,Recife,PE,Nordeste,751.47
2026-01-01,Recife,PE,Nordeste,781.15
2026-02-01,Recife,PE,Nordeste,768.52
2026-03-01,Recife,PE,Nordeste,755.0
2020-01-01,Rio Branco,AC,Norte,583.72
2020-02-01,Rio Branco,AC,Norte,595.85
2020-03-01,Rio Branco,AC,Norte,560.3
2020-04-01,Rio Branco,AC,Norte,573.7
2020-05-01,Rio Branco,AC,Norte,564.91
2020-06-01,Rio Branco,AC,Norte,587.82
2020-07-01,Rio Branco,AC,Norte,590.64
2020-08-01,Rio Branco,AC,Norte,636.55
2020-09-01,Rio Branco,AC,Norte,646.29
2020-10-01,Rio Branco,AC,Norte,632.47
2020-11-01,Rio Branco,AC,Norte,653.92
2020-12-01,Rio Branco,AC,Norte,642.01
2021-01-01,Rio Branco,AC,Norte,601.74
2021-02-01,Rio Branco,AC,Norte,614.51
2021-03-01,Rio Branco,AC,Norte,590.29
2021-04-01,Rio Branco,AC,Norte,602.42
2021-05-01,Rio Branco,AC,Norte,600.75
2021-06-01,Rio Branco,AC,Norte,624.37
2021-07-01,Rio Branco,AC,Norte,622.19
2021-08-01,Rio Branco,AC,Norte,608.37
2021-09-01,Rio Branco,AC,Norte,615.32
2021-10-01,Rio Branco,AC,Norte,628.73
2021-11-01,Rio Branco,AC,Norte,633.88
2021-12-01,Rio Branco,AC,Norte,639.43
2022-01-01,Rio Branco,AC,Norte,654.58
2022-02-01,Rio Branco,AC,Norte,646.77
2022-03-01,Rio Branco,AC,Norte,640.27
2022-04-01,Rio Branco,AC,Norte,640.76
2022-05-01,Rio Branco,AC,Norte,630.51
2022-06-01,Rio Branco,AC,Norte,648.22
2022-07-01,Rio Branco,AC,Norte,645.2
2022-08-01,Rio Branco,AC,Norte,646.04
2022-09-01,Rio Branco,AC,Norte,653.48
2022-10-01,Rio Branco,AC,Norte,650.25
2022-11-01,Rio Branco,AC,Norte,657.38
2022-12-01,Rio Branco,AC,Norte,652.82
2023-01-01,Rio Branco,AC,Norte,675.55
2023-02-01,Rio Branco,AC,Norte,683.41
2023-03-01,Rio Branco,AC,Norte,664.5
2023-04-01,Rio Branco,AC,Norte,661.93
2023-05-01,Rio Branco,AC,Norte,665.66
2023-06-01,Rio Branco,AC,Norte,681.03
2023-07-01,Rio Branco,AC,Norte,679.1
2023-08-01,Rio Branco,AC,Norte,691.62
2023-09-01,Rio Branco,AC,Norte,668.91
2023-10-01,Rio Branco,AC,Norte,712.01
2023-11-01,Rio Branco,AC,Norte,684.34
2023-12-01,Rio Branco,AC,Norte,697.35
2024-01-01,Rio Branco,AC,Norte,703.38
2024-02-01,Rio Branco,AC,Norte,718.93
2024-03-01,Rio Branco,AC,Norte,704.84
2024-04-01,Rio Branco,AC,Norte,689.7
2024-05-01,Rio Branco,AC,Norte,706.32
2024-06-01,Rio Branco,AC,Norte,709.93
2024-07-01,Rio Branco,AC,Norte,718.52
2024-08-01,Rio Branco,AC,Norte,709.71
2024-09-01,Rio Branco,AC,Norte,719.72
2024-10-01,Rio Branco,AC,Norte,738.92
2024-11-01,Rio Branco,AC,Norte,733.54
2024-12-01,Rio Branco,AC,Norte,731.25
2025-01-01,Rio Branco,AC,Norte,742.8
2025-02-01,Rio Branco,AC,Norte,749.97
2025-03-01,Rio Branco,AC,Norte,739.3
2025-04-01,Rio Branco,AC,Norte,733.21
2025-05-01,Rio Branco,AC,Norte,723.63
2025-06-01,Rio Branco,AC,Norte,751.4
2025-07-01,Rio Branco,AC,Norte,740.03
2025-08-01,Rio Branco,AC,Norte,764.45
2025-09-01,Rio Branco,AC,Norte,747.96
2025-10-01,Rio Branco,AC,Norte,759.19
2025-11-01,Rio Branco,AC,Norte,767.56
2025-12-01,Rio Branco,AC,Norte,760.26
2026-01-01,Rio Branco,AC,Norte,783.02
2026-02-01,Rio Branco,AC,Norte,794.53
2026-03-01,Rio Branco,AC,Norte,775.0
2020-01-01,Rio de Janeiro,RJ,Sudeste,644.81
2020-02-01,Rio de Janeiro,RJ,Sudeste,653.5
2020-03-01,Rio de Janeiro,RJ,Sudeste,646.17
2020-04-01,Rio de Janeiro,RJ,Sudeste,650.88
2020-05-01,Rio de Janeiro,RJ,Sudeste,649.32
2020-06-01,Rio de Janeiro,RJ,Sudeste,655.5
2020-07-01,Rio de Janeiro,RJ,Sudeste,667.06
2020-08-01,Rio de Janeiro,RJ,Sudeste,720.26
2020-09-01,Rio de Janeiro,RJ,Sudeste,730.74
2020-10-01,Rio de Janeiro,RJ,Sudeste,720.9
2020-11-01,Rio de Janeiro,RJ,Sudeste,727.44
2020-12-01,Rio de Janeiro,RJ,Sudeste,730.49
2021-01-01,Rio de Janeiro,RJ,Sudeste,684.54
2021-02-01,Rio de Janeiro,RJ,Sudeste,702.01
2021-03-01,Rio de Janeiro,RJ,Sudeste,691.36
2021-04-01,Rio de Janeiro,RJ,Sudeste,682.28
2021-05-01,Rio de Janeiro,RJ,Sudeste,683.69
2021-06-01,Rio de Janeiro,RJ,Sudeste,688.08
2021-07-01,Rio de Janeiro,RJ,Sudeste,699.44
2021-08-01,Rio de Janeiro,RJ,Sudeste,703.5
2021-09-01,Rio de Janeiro,RJ,Sudeste,703.26
2021-10-01,Rio de Janeiro,RJ,Sudeste,711.85
2021-11-01,Rio de Janeiro,RJ,Sudeste,719.85
2021-12-01,Rio de Janeiro,RJ,Sudeste,735.2
2022-01-01,Rio de Janeiro,RJ,Sudeste,739.49
2022-02-01,Rio de Janeiro,RJ,Sudeste,743.76
2022-03-01,Rio de Janeiro,RJ,Sudeste,730.1
2022-04-01,Rio de Janeiro,RJ,Sudeste,707.9
2022-05-01,Rio de Janeiro,RJ,Sudeste,726.56
2022-06-01,Rio de Janeiro,RJ,Sudeste,741.92
2022-07-01,Rio de Janeiro,RJ,Sudeste,764.76
2022-08-01,Rio de Janeiro,RJ,Sudeste,747.15
2022-09-01,Rio de Janeiro,RJ,Sudeste,754.75
2022-10-01,Rio de Janeiro,RJ,Sudeste,755.73
2022-11-01,Rio de Janeiro,RJ,Sudeste,750.35
2022-12-01,Rio de Janeiro,RJ,Sudeste,772.54
2023-01-01,Rio de Janeiro,RJ,Sudeste,788.48
2023-02-01,Rio de Janeiro,RJ,Sudeste,792.61
2023-03-01,Rio de Janeiro,RJ,Sudeste,767.35
2023-04-01,Rio de Janeiro,RJ,Sudeste,777.95
2023-05-01,Rio de Janeiro,RJ,Sudeste,759.25
2023-06-01,Rio de Janeiro,RJ,Sudeste,790.7
2023-07-01,Rio de Janeiro,RJ,Sudeste,807.37
2023-08-01,Rio de Janeiro,RJ,Sudeste,785.77
2023-09-01,Rio de Janeiro,RJ,Sudeste,793.03
2023-10-01,Rio de Janeiro,RJ,Sudeste,802.25
2023-11-01,Rio de Janeiro,RJ,Sudeste,801.33
2023-12-01,Rio de Janeiro,RJ,Sudeste,796.88
2024-01-01,Rio de Janeiro,RJ,Sudeste,830.05
2024-02-01,Rio de Janeiro,RJ,Sudeste,825.05
2024-03-01,Rio de Janeiro,RJ,Sudeste,824.97
2024-04-01,Rio de Janeiro,RJ,Sudeste,805.46
2024-05-01,Rio de Janeiro,RJ,Sudeste,829.18
2024-06-01,Rio de Janeiro,RJ,Sudeste,826.99
2024-07-01,Rio de Janeiro,RJ,Sudeste,834.74
2024-08-01,Rio de Janeiro,RJ,Sudeste,847.91
2024-09-01,Rio de Janeiro,RJ,Sudeste,835.66
2024-10-01,Rio de Janeiro,RJ,Sudeste,851.45
2024-11-01,Rio de Janeiro,RJ,Sudeste,864.23
2024-12-01,Rio de Janeiro,RJ,Sudeste,845.08
2025-01-01,Rio de Janeiro,RJ,Sudeste,880.84
2025-02-01,Rio de Janeiro,RJ,Sudeste,885.73
2025-03-01,Rio de Janeiro,RJ,Sudeste,876.8
2025-04-01,Rio de Janeiro,RJ,Sudeste,851.78
2025-05-01,Rio de Janeiro,RJ,Sudeste,850.56
2025-06-01,Rio de Janeiro,RJ,Sudeste,877.67
2025-07-01,Rio de Janeiro,RJ,Sudeste,875.22
2025-08-01,Rio de Janeiro,RJ,Sudeste,874.15
2025-09-01,Rio de Janeiro,RJ,Sudeste,874.16
2025-10-01,Rio de Janeiro,RJ,Sudeste,865.46
2025-11-01,Rio de Janeiro,RJ,Sudeste,871.73
2025-12-01,Rio de Janeiro,RJ,Sudeste,871.38
2026-01-01,Rio de Janeiro,RJ,Sudeste,880.25
2026-02-01,Rio de Janeiro,RJ,Sudeste,898.9
2026-03-01,Rio de Janeiro,RJ,Sudeste,870.12
2020-01-01,Salvador,BA,Nordeste,590.99
2020-02-01,Salvador,BA,Nordeste,601.54
2020-03-01,Salvador,BA,Nordeste,586.45
2020-04-01,Salvador,BA,Nordeste,576.81
2020-05-01,Salvador,BA,Nordeste,584.19
2020-06-01,Salvador,BA,Nordeste,579.88
2020-07-01,Salvador,BA,Nordeste,586.44
2020-08-01,Salvador,BA,Nordeste,636.81
2020-09-01,Salvador,BA,Nordeste,650.8
2020-10-01,Salvador,BA,Nordeste,666.82
2020-11-01,Salvador,BA,Nordeste,674.13
2020-12-01,Salvador,BA,Nordeste,664.72
2021-01-01,Salvador,BA,Nordeste,630.15
2021-02-01,Salvador,BA,Nordeste,614.92
2021-03-01,Salvador,BA,Nordeste,615.78
2021-04-01,Salvador,BA,Nordeste,607.62
2021-05-01,Salvador,BA,Nordeste,612.08
2021-06-01,Salvador,BA,Nordeste,628.29
2021-07-01,Salvador,BA,Nordeste,629.06
2021-08-01,Salvador,BA,Nordeste,620.22
2021-09-01,Salvador,BA,Nordeste,645.27
2021-10-01,Salvador,BA,Nordeste,633.96
2021-11-01,Salvador,BA,Nordeste,647.72
2021-12-01,Salvador,BA,Nordeste,665.68
2022-01-01,Salvador,BA,Nordeste,658.09
2022-02-01,Salvador,BA,Nordeste,648.58
2022-03-01,Salvador,BA,Nordeste,656.76
2022-04-01,Salvador,BA,Nordeste,661.27
2022-05-01,Salvador,BA,Nordeste,671.45
2022-06-01,Salvador,BA,Nordeste,659.32
2022-07-01,Salvador,BA,Nordeste,676.53
2022-08-01,Salvador,BA,Nordeste,672.25
2022-09-01,Salvador,BA,Nordeste,678.57
2022-10-01,Salvador,BA,Nordeste,704.03
2022-11-01,Salvador,BA,Nordeste,674.32
2022-12-01,Salvador,BA,Nordeste,691.86
2023-01-01,Salvador,BA,Nordeste,710.95
2023-02-01,Salvador,BA,Nordeste,719.49
2023-03-01,Salvador,BA,Nordeste,701.2
2023-04-01,Salvador,BA,Nordeste,695.88
2023-05-01,Salvador,BA,Nordeste,693.81
2023-06-01,Salvador,BA,Nordeste,713.31
2023-07-01,Salvador,BA,Nordeste,712.03
2023-08-01,Salvador,BA,Nordeste,723.38
2023-09-01,Salvador,BA,Nordeste,719.1
2023-10-01,Salvador,BA,Nordeste,728.75
2023-11-01,Salvador,BA,Nordeste,729.19
2023-12-01,Salvador,BA,Nordeste,742.14
2024-01-01,Salvador,BA,Nordeste,751.19
2024-02-01,Salvador,BA,Nordeste,741.24
2024-03-01,Salvador,BA,Nordeste,754.47
2024-04-01,Salvador,BA,Nordeste,729.69
2024-05-01,Salvador,BA,Nordeste,735.46
2024-06-01,Salvador,BA,Nordeste,751.03
2024-07-01,Salvador,BA,Nordeste,770.63
2024-08-01,Salvador,BA,Nordeste,746.41
2024-09-01,Salvador,BA,Nordeste,792.48
2024-10-01,Salvador,BA,Nordeste,779.73
2024-11-01,Salvador,BA,Nordeste,776.99
2024-12-01,Salvador,BA,Nordeste,778.71
2025-01-01,Salvador,BA,Nordeste,801.06
2025-02-01,Salvador,BA,Nordeste,807.01
2025-03-01,Salvador,BA,Nordeste,796.26
2025-04-01,Salvador,BA,Nordeste,787.64
2025-05-01,Salvador,BA,Nordeste,783.01
2025-06-01,Salvador,BA,Nordeste,791.72
2025-07-01,Salvador,BA,Nordeste,791.12
2025-08-01,Salvador,BA,Nordeste,789.79
2025-09-01,Salvador,BA,Nordeste,799.07
2025-10-01,Salvador,BA,Nordeste,793.79
2025-11-01,Salvador,BA,Nordeste,765.63
2025-12-01,Salvador,BA,Nordeste,791.99
2026-01-01,Salvador,BA,Nordeste,803.04
2026-02-01,Salvador,BA,Nordeste,800.22
2026-03-01,Salvador,BA,Nordeste,780.55
2020-01-01,São Luís,MA,Nordeste,491.9
2020-02-01,São Luís,MA,Nordeste,498.9
2020-03-01,São Luís,MA,Nordeste,488.71
2020-04-01,São Luís,MA,Nordeste,498.75
2020-05-01,São Luís,MA,Nordeste,487.67
2020-06-01,São Luís,MA,Nordeste,494.64
2020-07-01,São Luís,MA,Nordeste,498.72
2020-08-01,São Luís,MA,Nordeste,542.84
2020-09-01,São Luís,MA,Nordeste,556.58
2020-10-01,São Luís,MA,Nordeste,556.47
2020-11-01,São Luís,MA,Nordeste,560.71
2020-12-01,São Luís,MA,Nordeste,561.0
2021-01-01,São Luís,MA,Nordeste,524.41
2021-02-01,São Luís,MA,Nordeste,537.27
2021-03-01,São Luís,MA,Nordeste,533.21
2021-04-01,São Luís,MA,Nordeste,523.03
2021-05-01,São Luís,MA,Nordeste,524.42
2021-06-01,São Luís,MA,Nordeste,525.14
2021-07-01,São Luís,MA,Nordeste,535.51
2021-08-01,São Luís,MA,Nordeste,529.8
2021-09-01,São Luís,MA,Nordeste,538.72
2021-10-01,São Luís,MA,Nordeste,528.36
2021-11-01,São Luís,MA,Nordeste,531.01
2021-12-01,São Luís,MA,Nordeste,545.14
2022-01-01,São Luís,MA,Nordeste,555.87
2022-02-01,São Luís,MA,Nordeste,563.78
2022-03-01,São Luís,MA,Nordeste,553.44
2022-04-01,São Luís,MA,Nordeste,549.05
2022-05-01,São Luís,MA,Nordeste,556.3
2022-06-01,São Luís,MA,Nordeste,558.79
2022-07-01,São Luís,MA,Nordeste,563.42
2022-08-01,São Luís,MA,Nordeste,579.51
2022-09-01,São Luís,MA,Nordeste,570.6
2022-10-01,São Luís,MA,Nordeste,571.87
2022-11-01,São Luís,MA,Nordeste,576.7
2022-12-01,São Luís,MA,Nordeste,577.49
2023-01-01,São Luís,MA,Nordeste,587.5
2023-02-01,São Luís,MA,Nordeste,588.02
2023-03-01,São Luís,MA,Nordeste,581.0
2023-04-01,São Luís,MA,Nordeste,588.04
2023-05-01,São Luís,MA,Nordeste,578.79
2023-06-01,São Luís,MA,Nordeste,594.3
2023-07-01,São Luís,MA,Nordeste,603.99
2023-08-01,São Luís,MA,Nordeste,599.01
2023-09-01,São Luís,MA,Nordeste,609.17
2023-10-01,São Luís,MA,Nordeste,594.66
2023-11-01,São Luís,MA,Nordeste,608.82
2023-12-01,São Luís,MA,Nordeste,613.42
2024-01-01,São Luís,MA,Nordeste,628.21
2024-02-01,São Luís,MA,Nordeste,617.8
2024-03-01,São Luís,MA,Nordeste,631.22
2024-04-01,São Luís,MA,Nordeste,608.36
2024-05-01,São Luís,MA,Nordeste,620.81
2024-06-01,São Luís,MA,Nordeste,630.6
2024-07-01,São Luís,MA,Nordeste,641.57
2024-08-01,São Luís,MA,Nordeste,654.06
2024-09-01,São Luís,MA,Nordeste,629.28
2024-10-01,São Luís,MA,Nordeste,637.46
2024-11-01,São Luís,MA,Nordeste,647.23
2024-12-01,São Luís,MA,Nordeste,639.95
2025-01-01,São Luís,MA,Nordeste,671.18
2025-02-01,São Luís,MA,Nordeste,674.84
2025-03-01,São Luís,MA,Nordeste,662.6
2025-04-01,São Luís,MA,Nordeste,653.23
2025-05-01,São Luís,MA,Nordeste,668.97
2025-06-01,São Luís,MA,Nordeste,665.39
2025-07-01,São Luís,MA,Nordeste,682.08
2025-08-01,São Luís,MA,Nordeste,682.38
2025-09-01,São Luís,MA,Nordeste,702.64
2025-10-01,São Luís,MA,Nordeste,687.15
2025-11-01,São Luís,MA,Nordeste,709.07
2025-12-01,São Luís,MA,Nordeste,719.16
2026-01-01,São Luís,MA,Nordeste,730.01
2026-02-01,São Luís,MA,Nordeste,739.99
2026-03-01,São Luís,MA,Nordeste,738.0
2020-01-01,São Paulo,SP,Sudeste,658.3
2020-02-01,São Paulo,SP,Sudeste,672.6
2020-03-01,São Paulo,SP,Sudeste,661.95
2020-04-01,São Paulo,SP,Sudeste,660.68
2020-05-01,São Paulo,SP,Sudeste,650.74
2020-06-01,São Paulo,SP,Sudeste,664.01
2020-07-01,São Paulo,SP,Sudeste,666.49
2020-08-01,São Paulo,SP,Sudeste,720.45
2020-09-01,São Paulo,SP,Sudeste,710.05
2020-10-01,São Paulo,SP,Sudeste,741.68
2020-11-01,São Paulo,SP,Sudeste,743.75
2020-12-01,São Paulo,SP,Sudeste,728.17
2021-01-01,São Paulo,SP,Sudeste,698.8
2021-02-01,São Paulo,SP,Sudeste,699.28
2021-03-01,São Paulo,SP,Sudeste,688.72
2021-04-01,São Paulo,SP,Sudeste,669.74
2021-05-01,São Paulo,SP,Sudeste,684.75
2021-06-01,São Paulo,SP,Sudeste,708.07
2021-07-01,São Paulo,SP,Sudeste,726.76
2021-08-01,São Paulo,SP,Sudeste,712.46
2021-09-01,São Paulo,SP,Sudeste,713.31
2021-10-01,São Paulo,SP,Sudeste,711.26
2021-11-01,São Paulo,SP,Sudeste,713.63
2021-12-01,São Paulo,SP,Sudeste,729.08
2022-01-01,São Paulo,SP,Sudeste,741.41
2022-02-01,São Paulo,SP,Sudeste,737.15
2022-03-01,São Paulo,SP,Sudeste,722.62
2022-04-01,São Paulo,SP,Sudeste,721.61
2022-05-01,São Paulo,SP,Sudeste,721.73
2022-06-01,São Paulo,SP,Sudeste,740.16
2022-07-01,São Paulo,SP,Sudeste,741.53
2022-08-01,São Paulo,SP,Sudeste,749.65
2022-09-01,São Paulo,SP,Sudeste,739.61
2022-10-01,São Paulo,SP,Sudeste,761.67
2022-11-01,São Paulo,SP,Sudeste,778.37
2022-12-01,São Paulo,SP,Sudeste,768.93
2023-01-01,São Paulo,SP,Sudeste,779.62
2023-02-01,São Paulo,SP,Sudeste,788.25
2023-03-01,São Paulo,SP,Sudeste,761.08
2023-04-01,São Paulo,SP,Sudeste,748.19
2023-05-01,São Paulo,SP,Sudeste,770.29
2023-06-01,São Paulo,SP,Sudeste,774.75
2023-07-01,São Paulo,SP,Sudeste,771.61
2023-08-01,São Paulo,SP,Sudeste,778.68
2023-09-01,São Paulo,SP,Sudeste,780.04
2023-10-01,São Paulo,SP,Sudeste,793.53
2023-11-01,São Paulo,SP,Sudeste,800.5
2023-12-01,São Paulo,SP,Sudeste,806.34
2024-01-01,São Paulo,SP,Sudeste,825.86
2024-02-01,São Paulo,SP,Sudeste,828.24
2024-03-01,São Paulo,SP,Sudeste,807.87
2024-04-01,São Paulo,SP,Sudeste,795.8
2024-05-01,São Paulo,SP,Sudeste,792.15
2024-06-01,São Paulo,SP,Sudeste,828.74
2024-07-01,São Paulo,SP,Sudeste,822.03
2024-08-01,São Paulo,SP,Sudeste,823.68
2024-09-01,São Paulo,SP,Sudeste,839.94
2024-10-01,São Paulo,SP,Sudeste,826.86
2024-11-01,São Paulo,SP,Sudeste,844.29
2024-12-01,São Paulo,SP,Sudeste,843.56
2025-01-01,São Paulo,SP,Sudeste,853.38
2025-02-01,São Paulo,SP,Sudeste,864.76
2025-03-01,São Paulo,SP,Sudeste,859.8
2025-04-01,São Paulo,SP,Sudeste,849.19
2025-05-01,São Paulo,SP,Sudeste,857.64
2025-06-01,São Paulo,SP,Sudeste,864.19
2025-07-01,São Paulo,SP,Sudeste,891.32
2025-08-01,São Paulo,SP,Sudeste,860.01
2025-09-01,São Paulo,SP,Sudeste,867.12
2025-10-01,São Paulo,SP,Sudeste,872.77
2025-11-01,São Paulo,SP,Sudeste,864.94
2025-12-01,São Paulo,SP,Sudeste,887.48
2026-01-01,São Paulo,SP,Sudeste,906.99
2026-02-01,São Paulo,SP,Sudeste,903.03
2026-03-01,São Paulo,SP,Sudeste,883.94
2020-01-01,Teresina,PI,Nordeste,568.56
2020-02-01,Teresina,PI,Nordeste,572.26
2020-03-01,Teresina,PI,Nordeste,569.57
2020-04-01,Teresina,PI,Nordeste,548.99
2020-05-01,Teresina,PI,Nordeste,550.76
2020-06-01,Teresina,PI,Nordeste,563.41
2020-07-01,Teresina,PI,Nordeste,574.48
2020-08-01,Teresina,PI,Nordeste,605.51
2020-09-01,Teresina,PI,Nordeste,617.39
2020-10-01,Teresina,PI,Nordeste,625.84
2020-11-01,Teresina,PI,Nordeste,624.61
2020-12-01,Teresina,PI,Nordeste,624.7
2021-01-01,Teresina,PI,Nordeste,599.01
2021-02-01,Teresina,PI,Nordeste,571.83
2021-03-01,Teresina,PI,Nordeste,589.66
2021-04-01,Teresina,PI,Nordeste,572.63
2021-05-01,Teresina,PI,Nordeste,565.62
2021-06-01,Teresina,PI,Nordeste,595.64
2021-07-01,Teresina,PI,Nordeste,605.0
2021-08-01,Teresina,PI,Nordeste,595.37
2021-09-01,Teresina,PI,Nordeste,606.57
2021-10-01,Teresina,PI,Nordeste,614.34
2021-11-01,Teresina,PI,Nordeste,614.46
2021-12-01,Teresina,PI,Nordeste,619.57
2022-01-01,Teresina,PI,Nordeste,627.08
2022-02-01,Teresina,PI,Nordeste,624.33
2022-03-01,Teresina,PI,Nordeste,601.22
2022-04-01,Teresina,PI,Nordeste,605.37
2022-05-01,Teresina,PI,Nordeste,603.11
2022-06-01,Teresina,PI,Nordeste,639.08
2022-07-01,Teresina,PI,Nordeste,622.89
2022-08-01,Teresina,PI,Nordeste,627.88
2022-09-01,Teresina,PI,Nordeste,633.91
2022-10-01,Teresina,PI,Nordeste,632.46
2022-11-01,Teresina,PI,Nordeste,648.3
2022-12-01,Teresina,PI,Nordeste,632.39
2023-01-01,Teresina,PI,Nordeste,654.38
2023-02-01,Teresina,PI,Nordeste,649.59
2023-03-01,Teresina,PI,Nordeste,634.79
2023-04-01,Teresina,PI,Nordeste,633.41
2023-05-01,Teresina,PI,Nordeste,640.66
2023-06-01,Teresina,PI,Nordeste,649.99
2023-07-01,Teresina,PI,Nordeste,650.6
2023-08-01,Teresina,PI,Nordeste,647.61
2023-09-01,Teresina,PI,Nordeste,660.94
2023-10-01,Teresina,PI,Nordeste,652.31
2023-11-01,Teresina,PI,Nordeste,673.19
2023-12-01,Teresina,PI,Nordeste,670.54
2024-01-01,Teresina,PI,Nordeste,674.45
2024-02-01,Teresina,PI,Nordeste,686.49
2024-03-01,Teresina,PI,Nordeste,672.24
2024-04-01,Teresina,PI,Nordeste,673.41
2024-05-01,Teresina,PI,Nordeste,684.37
2024-06-01,Teresina,PI,Nordeste,671.75
2024-07-01,Teresina,PI,Nordeste,690.52
2024-08-01,Teresina,PI,Nordeste,691.18
2024-09-01,Teresina,PI,Nordeste,700.71
2024-10-01,Teresina,PI,Nordeste,699.93
2024-11-01,Teresina,PI,Nordeste,695.11
2024-12-01,Teresina,PI,Nordeste,701.49
2025-01-01,Teresina,PI,Nordeste,714.74
2025-02-01,Teresina,PI,Nordeste,732.71
2025-03-01,Teresina,PI,Nordeste,713.02
2025-04-01,Teresina,PI,Nordeste,720.28
2025-05-01,Teresina,PI,Nordeste,707.06
2025-06-01,Teresina,PI,Nordeste,715.17
2025-07-01,Teresina,PI,Nordeste,711.27
2025-08-01,Teresina,PI,Nordeste,711.49
2025-09-01,Teresina,PI,Nordeste,715.79
2025-10-01,Teresina,PI,Nordeste,733.1
2025-11-01,Teresina,PI,Nordeste,737.57
2025-12-01,Teresina,PI,Nordeste,723.5
2026-01-01,Teresina,PI,Nordeste,760.55
2026-02-01,Teresina,PI,Nordeste,752.23
2026-03-01,Teresina,PI,Nordeste,745.0
2020-01-01,Vitória,ES,Sudeste,585.91
2020-02-01,Vitória,ES,Sudeste,595.13
2020-03-01,Vitória,ES,Sudeste,592.21
2020-04-01,Vitória,ES,Sudeste,571.95
2020-05-01,Vitória,ES,Sudeste,586.94
2020-06-01,Vitória,ES,Sudeste,597.11
2020-07-01,Vitória,ES,Sudeste,602.74
2020-08-01,Vitória,ES,Sudeste,652.3
2020-09-01,Vitória,ES,Sudeste,672.92
2020-10-01,Vitória,ES,Sudeste,651.49
2020-11-01,Vitória,ES,Sudeste,655.68
2020-12-01,Vitória,ES,Sudeste,658.29
2021-01-01,Vitória,ES,Sudeste,625.16
2021-02-01,Vitória,ES,Sudeste,627.69
2021-03-01,Vitória,ES,Sudeste,633.04
2021-04-01,Vitória,ES,Sudeste,628.66
2021-05-01,Vitória,ES,Sudeste,615.86
2021-06-01,Vitória,ES,Sudeste,626.41
2021-07-01,Vitória,ES,Sudeste,640.05
2021-08-01,Vitória,ES,Sudeste,635.08
2021-09-01,Vitória,ES,Sudeste,647.81
2021-10-01,Vitória,ES,Sudeste,647.63
2021-11-01,Vitória,ES,Sudeste,637.16
2021-12-01,Vitória,ES,Sudeste,664.95
2022-01-01,Vitória,ES,Sudeste,683.37
2022-02-01,Vitória,ES,Sudeste,667.49
2022-03-01,Vitória,ES,Sudeste,659.45
2022-04-01,Vitória,ES,Sudeste,658.21
2022-05-01,Vitória,ES,Sudeste,661.93
2022-06-01,Vitória,ES,Sudeste,677.95
2022-07-01,Vitória,ES,Sudeste,692.18
2022-08-01,Vitória,ES,Sudeste,678.11
2022-09-01,Vitória,ES,Sudeste,676.58
2022-10-01,Vitória,ES,Sudeste,675.4
2022-11-01,Vitória,ES,Sudeste,684.07
2022-12-01,Vitória,ES,Sudeste,693.15
2023-01-01,Vitória,ES,Sudeste,725.23
2023-02-01,Vitória,ES,Sudeste,710.33
2023-03-01,Vitória,ES,Sudeste,705.81
2023-04-01,Vitória,ES,Sudeste,696.84
2023-05-01,Vitória,ES,Sudeste,710.01
2023-06-01,Vitória,ES,Sudeste,735.0
2023-07-01,Vitória,ES,Sudeste,714.16
2023-08-01,Vitória,ES,Sudeste,718.13
2023-09-01,Vitória,ES,Sudeste,734.07
2023-10-01,Vitória,ES,Sudeste,734.85
2023-11-01,Vitória,ES,Sudeste,747.86
2023-12-01,Vitória,ES,Sudeste,741.48
2024-01-01,Vitória,ES,Sudeste,752.48
2024-02-01,Vitória,ES,Sudeste,763.91
2024-03-01,Vitória,ES,Sudeste,756.95
2024-04-01,Vitória,ES,Sudeste,747.16
2024-05-01,Vitória,ES,Sudeste,748.41
2024-06-01,Vitória,ES,Sudeste,768.05
2024-07-01,Vitória,ES,Sudeste,772.72
2024-08-01,Vitória,ES,Sudeste,778.3
2024-09-01,Vitória,ES,Sudeste,776.32
2024-10-01,Vitória,ES,Sudeste,773.7
2024-11-01,Vitória,ES,Sudeste,780.14
2024-12-01,Vitória,ES,Sudeste,792.57
2025-01-01,Vitória,ES,Sudeste,796.09
2025-02-01,Vitória,ES,Sudeste,809.65
2025-03-01,Vitória,ES,Sudeste,791.75
2025-04-01,Vitória,ES,Sudeste,787.17
2025-05-01,Vitória,ES,Sudeste,795.02
2025-06-01,Vitória,ES,Sudeste,796.18
2025-07-01,Vitória,ES,Sudeste,792.86
2025-08-01,Vitória,ES,Sudeste,779.72
2025-09-01,Vitória,ES,Sudeste,793.74
2025-10-01,Vitória,ES,Sudeste,790.61
2025-11-01,Vitória,ES,Sudeste,799.7
2025-12-01,Vitória,ES,Sudeste,778.61
2026-01-01,Vitória,ES,Sudeste,795.67
2026-02-01,Vitória,ES,Sudeste,793.34
2026-03-01,Vitória,ES,Sudeste,785.0
