data,capital,custo
2020-01-01,Aracaju,368.69
2020-02-01,Aracaju,371.22
2020-03-01,Aracaju,390.2
2020-04-01,Aracaju,401.37
2020-05-01,Aracaju,400.15
2020-06-01,Aracaju,420.03
2020-07-01,Aracaju,392.75
2020-08-01,Aracaju,398.47
2020-09-01,Aracaju,427.11
2020-10-01,Aracaju,442.26
2020-11-01,Aracaju,451.32
2020-12-01,Aracaju,453.16
2021-01-01,Aracaju,450.84
2021-02-01,Aracaju,445.9
2021-03-01,Aracaju,468.79
2021-04-01,Aracaju,469.66
2021-05-01,Aracaju,468.43
2021-06-01,Aracaju,470.97
2021-07-01,Aracaju,488.42
2021-08-01,Aracaju,456.4
2021-09-01,Aracaju,454.03
2021-10-01,Aracaju,464.17
2021-11-01,Aracaju,473.26
2021-12-01,Aracaju,478.05
2022-01-01,Aracaju,507.82
2022-02-01,Aracaju,516.82
2022-03-01,Aracaju,524.99
2022-04-01,Aracaju,551.47
2022-05-01,Aracaju,548.38
2022-06-01,Aracaju,549.91
2022-07-01,Aracaju,542.5
2022-08-01,Aracaju,539.57
2022-09-01,Aracaju,518.68
2022-10-01,Aracaju,515.51
2022-11-01,Aracaju,511.97
2022-12-01,Aracaju,521.05
2023-01-01,Aracaju,555.28
2023-02-01,Aracaju,552.97
2023-03-01,Aracaju,546.14
2023-04-01,Aracaju,553.89
2023-05-01,Aracaju,553.76
2023-06-01,Aracaju,567.11
2023-07-01,Aracaju,547.22
2023-08-01,Aracaju,542.67
2023-09-01,Aracaju,532.34
2023-10-01,Aracaju,521.96
2023-11-01,Aracaju,516.76
2023-12-01,Aracaju,517.26
2024-01-01,Aracaju,528.48
2024-02-01,Aracaju,534.4
2024-03-01,Aracaju,555.22
2024-04-01,Aracaju,582.11
2024-05-01,Aracaju,579.55
2024-06-01,Aracaju,561.96
2024-07-01,Aracaju,524.28
2024-08-01,Aracaju,516.4
2024-09-01,Aracaju,506.19
2024-10-01,Aracaju,519.31
2024-11-01,Aracaju,533.26
2024-12-01,Aracaju,554.08
2025-01-01,Aracaju,571.43
2025-02-01,Aracaju,580.45
2025-03-01,Aracaju,569.48
2025-04-01,Aracaju,579.93
2025-05-01,Aracaju,579.54
2025-06-01,Aracaju,557.28
2025-07-01,Aracaju,568.52
2025-08-01,Aracaju,558.16
2025-09-01,Aracaju,552.65
2025-10-01,Aracaju,550.18
2025-11-01,Aracaju,538.1
2025-12-01,Aracaju,539.49
2026-01-01,Aracaju,552.65
2026-02-01,Aracaju,562.88
2026-03-01,Aracaju,598.45
2020-01-01,Belo Horizonte,456.35
2020-02-01,Belo Horizonte,459.1
2020-03-01,Belo Horizonte,461.28
2020-04-01,Belo Horizonte,484.55
2020-05-01,Belo Horizonte,484.02
2020-06-01,Belo Horizonte,475.19
2020-07-01,Belo Horizonte,465.06
2020-08-01,Belo Horizonte,478.07
2020-09-01,Belo Horizonte,491.62
2020-10-01,Belo Horizonte,516.82
2020-11-01,Belo Horizonte,552.37
2020-12-01,Belo Horizonte,568.53
2021-01-01,Belo Horizonte,592.26
2021-02-01,Belo Horizonte,573.53
2021-03-01,Belo Horizonte,555.67
2021-04-01,Belo Horizonte,565.78
2021-06-01,Belo Horizonte,536.88
2021-07-01,Belo Horizonte,555.12
2021-08-01,Belo Horizonte,570.07
2021-09-01,Belo Horizonte,589.74
2021-10-01,Belo Horizonte,605.02
2021-11-01,Belo Horizonte,601.42
2021-12-01,Belo Horizonte,613.94
2022-01-01,Belo Horizonte,641.83
2022-02-01,Belo Horizonte,650.63
2022-03-01,Belo Horizonte,678.02
2022-04-01,Belo Horizonte,700.54
2022-05-01,Belo Horizonte,659.72
2022-06-01,Belo Horizonte,656.72
2022-07-01,Belo Horizonte,661.67
2022-08-01,Belo Horizonte,648.01
2022-09-01,Belo Horizonte,662.24
2022-10-01,Belo Horizonte,674.82
2022-11-01,Belo Horizonte,705.52
2022-12-01,Belo Horizonte,706.52
2023-01-01,Belo Horizonte,717.53
2023-02-01,Belo Horizonte,689.09
2023-03-01,Belo Horizonte,662.9
2023-04-01,Belo Horizonte,677.51
2023-05-01,Belo Horizonte,675.3
2023-06-01,Belo Horizonte,664.42
2023-07-01,Belo Horizonte,662.38
2023-08-01,Belo Horizonte,657.57
2023-09-01,Belo Horizonte,645.33
2023-10-01,Belo Horizonte,637.4
2023-11-01,Belo Horizonte,650.33
2023-12-01,Belo Horizonte,667.39
2024-01-01,Belo Horizonte,736.36
2024-02-01,Belo Horizonte,741.71
2024-03-01,Belo Horizonte,724.96
2024-04-01,Belo Horizonte,724.1
2024-05-01,Belo Horizonte,701.79
2024-06-01,Belo Horizonte,710.77
2024-07-01,Belo Horizonte,666.52
2024-08-01,Belo Horizonte,667.63
2024-09-01,Belo Horizonte,663.22
2024-10-01,Belo Horizonte,690.15
2024-11-01,Belo Horizonte,698.83
2024-12-01,Belo Horizonte,706.32
2025-01-01,Belo Horizonte,729.06
2025-02-01,Belo Horizonte,735.31
2025-03-01,Belo Horizonte,754.07
2025-04-01,Belo Horizonte,762.35
2025-05-01,Belo Horizonte,742.53
2025-06-01,Belo Horizonte,734.73
2025-07-01,Belo Horizonte,728.69
2025-08-01,Belo Horizonte,725.9
2025-09-01,Belo Horizonte,718.74
2025-10-01,Belo Horizonte,716.53
2025-11-01,Belo Horizonte,712.01
2025-12-01,Belo Horizonte,723.26
2026-01-01,Belo Horizonte,737.86
2026-02-01,Belo Horizonte,736.86
2026-03-01,Belo Horizonte,784.32
2020-01-01,Belém,415.56
2020-02-01,Belém,432.95
2020-03-01,Belém,418.8
2020-04-01,Belém,434.19
2020-05-01,Belém,453.36
2020-06-01,Belém,453.87
2020-07-01,Belém,440.99
2020-08-01,Belém,441.51
2020-09-01,Belém,459.21
2020-10-01,Belém,468.22
2020-11-01,Belém,486.5
2020-12-01,Belém,500.89
2021-01-01,Belém,507.31
2021-02-01,Belém,512.95
2021-03-01,Belém,515.77
2021-04-01,Belém,505.87
2021-05-01,Belém,515.84
2021-06-01,Belém,518.53
2021-07-01,Belém,522.66
2021-08-01,Belém,530.13
2021-09-01,Belém,532.56
2021-10-01,Belém,538.44
2021-11-01,Belém,550.64
2021-12-01,Belém,556.87
2022-01-01,Belém,563.97
2022-02-01,Belém,574.86
2022-03-01,Belém,585.91
2022-04-01,Belém,610.31
2022-05-01,Belém,628.58
2022-06-01,Belém,632.26
2022-07-01,Belém,633.14
2022-08-01,Belém,634.85
2022-09-01,Belém,622.46
2022-10-01,Belém,615.22
2022-11-01,Belém,624.29
2022-12-01,Belém,639.44
2023-01-01,Belém,654.81
2023-02-01,Belém,662.98
2023-03-01,Belém,664.54
2023-04-01,Belém,660.77
2023-05-01,Belém,669.8
2023-06-01,Belém,659.89
2023-07-01,Belém,650.42
2023-08-01,Belém,640.11
2023-09-01,Belém,633.53
2023-10-01,Belém,632.92
2023-11-01,Belém,635.18
2023-12-01,Belém,645.44
2024-01-01,Belém,656.78
2024-02-01,Belém,665.12
2024-03-01,Belém,667.53
2024-04-01,Belém,681.45
2024-05-01,Belém,690.98
2024-06-01,Belém,695.58
2024-07-01,Belém,682.39
2024-08-01,Belém,664.92
2024-09-01,Belém,647.79
2024-10-01,Belém,649.9
2024-11-01,Belém,663.02
2024-12-01,Belém,665.83
2025-01-01,Belém,697.81
2025-02-01,Belém,700.06
2025-03-01,Belém,704.9
2025-04-01,Belém,726.21
2025-05-01,Belém,726.38
2025-06-01,Belém,709.04
2025-07-01,Belém,696.23
2025-08-01,Belém,687.3
2025-09-01,Belém,672.84
2025-10-01,Belém,664.31
2025-11-01,Belém,666.15
2025-12-01,Belém,666.57
2026-01-01,Belém,673.55
2026-02-01,Belém,674.12
2026-03-01,Belém,700.68
2025-04-01,Boa Vista,719.12
2025-05-01,Boa Vista,723.5
2025-06-01,Boa Vista,717.24
2025-07-01,Boa Vista,712.83
2025-08-01,Boa Vista,693.84
2025-09-01,Boa Vista,681.95
2025-10-01,Boa Vista,678.95
2025-11-01,Boa Vista,669.19
2025-12-01,Boa Vista,652.14
2026-01-01,Boa Vista,655.79
2026-02-01,Boa Vista,659.19
2026-03-01,Boa Vista,680.01
2020-01-01,Brasília,483.17
2020-02-01,Brasília,481.78
2020-03-01,Brasília,484.15
2020-04-01,Brasília,471.17
2020-05-01,Brasília,441.09
2020-06-01,Brasília,450.45
2020-07-01,Brasília,449.96
2020-08-01,Brasília,443.28
2020-09-01,Brasília,445.76
2020-10-01,Brasília,490.48
2020-11-01,Brasília,572.64
2020-12-01,Brasília,591.82
2021-01-01,Brasília,614.31
2021-02-01,Brasília,591.44
2021-03-01,Brasília,580.76
2021-04-01,Brasília,587.33
2021-05-01,Brasília,588.24
2021-06-01,Brasília,584.99
2021-07-01,Brasília,582.35
2021-08-01,Brasília,594.59
2021-09-01,Brasília,617.65
2021-10-01,Brasília,644.09
2021-11-01,Brasília,631.95
2021-12-01,Brasília,621.56
2022-01-01,Brasília,661.09
2022-02-01,Brasília,670.98
2022-03-01,Brasília,704.65
2022-04-01,Brasília,741.55
2022-05-01,Brasília,696.34
2022-06-01,Brasília,698.36
2022-07-01,Brasília,703.93
2022-08-01,Brasília,689.31
2022-09-01,Brasília,687.21
2022-10-01,Brasília,699.09
2022-11-01,Brasília,712.2
2022-12-01,Brasília,728.78
2023-01-01,Brasília,729.73
2023-02-01,Brasília,719.74
2023-03-01,Brasília,693.32
2023-04-01,Brasília,717.09
2023-05-01,Brasília,703.43
2023-06-01,Brasília,687.33
2023-07-01,Brasília,687.58
2023-08-01,Brasília,689.98
2023-09-01,Brasília,662.2
2023-10-01,Brasília,647.76
2023-11-01,Brasília,667.58
2023-12-01,Brasília,698.74
2024-01-01,Brasília,742.52
2024-02-01,Brasília,741.91
2024-03-01,Brasília,747.68
2024-04-01,Brasília,727.95
2024-05-01,Brasília,737.37
2024-06-01,Brasília,738.93
2024-07-01,Brasília,694.31
2024-08-01,Brasília,673.14
2024-09-01,Brasília,682.51
2024-10-01,Brasília,711.05
2024-11-01,Brasília,742.25
2024-12-01,Brasília,743.19
2025-01-01,Brasília,756.03
2025-02-01,Brasília,772.3
2025-03-01,Brasília,782.65
2025-04-01,Brasília,775.84
2025-05-01,Brasília,774.33
2025-06-01,Brasília,773.35
2025-07-01,Brasília,758.19
2025-08-01,Brasília,739.1
2025-09-01,Brasília,719.81
2025-10-01,Brasília,717.65
2025-11-01,Brasília,703.4
2025-12-01,Brasília,714.21
2026-01-01,Brasília,725.98
2026-02-01,Brasília,712.06
2026-03-01,Brasília,746.41
2020-01-01,Campo Grande,458.0
2020-02-01,Campo Grande,445.4
2020-03-01,Campo Grande,474.53
2020-04-01,Campo Grande,495.69
2020-05-01,Campo Grande,455.35
2020-06-01,Campo Grande,475.01
2020-07-01,Campo Grande,479.79
2020-08-01,Campo Grande,484.46
2020-09-01,Campo Grande,492.8
2020-10-01,Campo Grande,520.12
2020-11-01,Campo Grande,589.08
2020-12-01,Campo Grande,576.48
2021-01-01,Campo Grande,578.62
2021-02-01,Campo Grande,551.58
2021-03-01,Campo Grande,552.99
2021-04-01,Campo Grande,586.26
2021-05-01,Campo Grande,575.01
2021-06-01,Campo Grande,566.78
2021-07-01,Campo Grande,588.84
2021-08-01,Campo Grande,609.33
2021-09-01,Campo Grande,630.83
2021-10-01,Campo Grande,653.4
2021-11-01,Campo Grande,645.17
2021-12-01,Campo Grande,641.37
2022-01-01,Campo Grande,660.11
2022-02-01,Campo Grande,678.43
2022-03-01,Campo Grande,715.81
2022-04-01,Campo Grande,761.73
2022-05-01,Campo Grande,706.12
2022-06-01,Campo Grande,702.65
2022-07-01,Campo Grande,707.0
2022-08-01,Campo Grande,698.31
2022-09-01,Campo Grande,711.09
2022-10-01,Campo Grande,733.65
2022-11-01,Campo Grande,738.53
2022-12-01,Campo Grande,744.21
2023-01-01,Campo Grande,743.09
2023-02-01,Campo Grande,719.94
2023-03-01,Campo Grande,719.15
2023-04-01,Campo Grande,737.74
2023-05-01,Campo Grande,724.09
2023-06-01,Campo Grande,730.19
2023-07-01,Campo Grande,698.31
2023-08-01,Campo Grande,691.7
2023-09-01,Campo Grande,675.68
2023-10-01,Campo Grande,682.97
2023-11-01,Campo Grande,674.79
2023-12-01,Campo Grande,697.69
2024-01-01,Campo Grande,736.76
2024-02-01,Campo Grande,748.2
2024-03-01,Campo Grande,730.02
2024-04-01,Campo Grande,732.75
2024-05-01,Campo Grande,748.48
2024-06-01,Campo Grande,748.89
2024-07-01,Campo Grande,736.98
2024-08-01,Campo Grande,714.6
2024-09-01,Campo Grande,714.63
2024-10-01,Campo Grande,751.06
2024-11-01,Campo Grande,772.45
2024-12-01,Campo Grande,770.35
2025-01-01,Campo Grande,764.24
2025-02-01,Campo Grande,773.95
2025-03-01,Campo Grande,788.58
2025-04-01,Campo Grande,805.08
2025-05-01,Campo Grande,789.42
2025-06-01,Campo Grande,793.02
2025-07-01,Campo Grande,775.76
2025-08-01,Campo Grande,768.79
2025-09-01,Campo Grande,780.67
2025-10-01,Campo Grande,777.28
2025-11-01,Campo Grande,779.56
2025-12-01,Campo Grande,775.9
2026-01-01,Campo Grande,783.41
2026-02-01,Campo Grande,780.29
2026-03-01,Campo Grande,805.93
2025-04-01,Cuiabá,800.11
2025-05-01,Cuiabá,810.69
2025-06-01,Cuiabá,817.63
2025-07-01,Cuiabá,813.48
2025-08-01,Cuiabá,800.22
2025-09-01,Cuiabá,794.03
2025-10-01,Cuiabá,794.77
2025-11-01,Cuiabá,789.98
2025-12-01,Cuiabá,791.29
2026-01-01,Cuiabá,810.82
2026-02-01,Cuiabá,793.77
2026-03-01,Cuiabá,838.4
2020-01-01,Curitiba,452.32
2020-02-01,Curitiba,447.91
2020-03-01,Curitiba,465.47
2020-04-01,Curitiba,511.23
2020-05-01,Curitiba,531.27
2020-06-01,Curitiba,506.04
2020-07-01,Curitiba,526.14
2020-08-01,Curitiba,505.54
2020-09-01,Curitiba,524.25
2020-10-01,Curitiba,521.12
2020-11-01,Curitiba,547.29
2020-12-01,Curitiba,540.36
2021-01-01,Curitiba,559.73
2021-02-01,Curitiba,572.77
2021-03-01,Curitiba,577.17
2021-04-01,Curitiba,583.61
2021-05-01,Curitiba,608.89
2021-06-01,Curitiba,618.57
2021-07-01,Curitiba,619.83
2021-08-01,Curitiba,600.47
2021-09-01,Curitiba,610.85
2021-10-01,Curitiba,639.89
2021-11-01,Curitiba,638.96
2021-12-01,Curitiba,628.46
2022-01-01,Curitiba,636.57
2022-02-01,Curitiba,652.9
2022-03-01,Curitiba,701.59
2022-04-01,Curitiba,739.28
2022-05-01,Curitiba,713.68
2022-06-01,Curitiba,701.26
2022-07-01,Curitiba,688.78
2022-08-01,Curitiba,685.69
2022-09-01,Curitiba,678.73
2022-10-01,Curitiba,696.31
2022-11-01,Curitiba,709.84
2022-12-01,Curitiba,698.66
2023-01-01,Curitiba,695.18
2023-02-01,Curitiba,678.9
2023-03-01,Curitiba,679.76
2023-04-01,Curitiba,694.05
2023-05-01,Curitiba,703.83
2023-06-01,Curitiba,701.22
2023-07-01,Curitiba,690.31
2023-08-01,Curitiba,685.13
2023-09-01,Curitiba,681.23
2023-10-01,Curitiba,675.01
2023-11-01,Curitiba,683.44
2023-12-01,Curitiba,697.22
2024-01-01,Curitiba,726.23
2024-02-01,Curitiba,731.5
2024-03-01,Curitiba,728.06
2024-04-01,Curitiba,726.64
2024-05-01,Curitiba,741.46
2024-06-01,Curitiba,754.91
2024-07-01,Curitiba,718.32
2024-08-01,Curitiba,697.08
2024-09-01,Curitiba,698.44
2024-10-01,Curitiba,726.62
2024-11-01,Curitiba,739.4
2024-12-01,Curitiba,741.9
2025-01-01,Curitiba,743.69
2025-02-01,Curitiba,745.88
2025-03-01,Curitiba,772.83
2025-04-01,Curitiba,793.72
2025-05-01,Curitiba,791.39
2025-06-01,Curitiba,789.86
2025-07-01,Curitiba,770.93
2025-08-01,Curitiba,752.7
2025-09-01,Curitiba,755.56
2025-10-01,Curitiba,761.77
2025-11-01,Curitiba,745.59
2025-12-01,Curitiba,737.88
2026-01-01,Curitiba,748.05
2026-02-01,Curitiba,745.56
2026-03-01,Curitiba,769.61
2020-01-01,Florianópolis,489.13
2020-02-01,Florianópolis,493.15
2020-03-01,Florianópolis,517.13
2020-04-01,Florianópolis,523.8
2020-05-01,Florianópolis,524.07
2020-06-01,Florianópolis,516.97
2020-07-01,Florianópolis,522.03
2020-08-01,Florianópolis,530.42
2020-09-01,Florianópolis,582.4
2020-10-01,Florianópolis,584.76
2020-11-01,Florianópolis,616.98
2020-12-01,Florianópolis,615.57
2021-01-01,Florianópolis,651.37
2021-02-01,Florianópolis,639.81
2021-03-01,Florianópolis,632.75
2021-04-01,Florianópolis,634.53
2021-05-01,Florianópolis,636.37
2021-06-01,Florianópolis,645.38
2021-07-01,Florianópolis,654.43
2021-08-01,Florianópolis,659.0
2021-09-01,Florianópolis,662.85
2021-10-01,Florianópolis,700.69
2021-11-01,Florianópolis,710.53
2021-12-01,Florianópolis,689.56
2022-01-01,Florianópolis,695.59
2022-02-01,Florianópolis,707.56
2022-03-01,Florianópolis,745.47
2022-04-01,Florianópolis,788.0
2022-05-01,Florianópolis,772.07
2022-06-01,Florianópolis,760.41
2022-07-01,Florianópolis,753.73
2022-08-01,Florianópolis,746.21
2022-09-01,Florianópolis,746.55
2022-10-01,Florianópolis,753.82
2022-11-01,Florianópolis,776.14
2022-12-01,Florianópolis,769.19
2023-01-01,Florianópolis,760.65
2023-02-01,Florianópolis,746.95
2023-03-01,Florianópolis,742.23
2023-04-01,Florianópolis,769.35
2023-05-01,Florianópolis,765.13
2023-06-01,Florianópolis,771.54
2023-07-01,Florianópolis,746.66
2023-08-01,Florianópolis,743.94
2023-09-01,Florianópolis,747.64
2023-10-01,Florianópolis,738.77
2023-11-01,Florianópolis,747.59
2023-12-01,Florianópolis,758.5
2024-01-01,Florianópolis,800.31
2024-02-01,Florianópolis,783.36
2024-03-01,Florianópolis,791.21
2024-04-01,Florianópolis,781.53
2024-05-01,Florianópolis,801.03
2024-06-01,Florianópolis,816.06
2024-07-01,Florianópolis,782.73
2024-08-01,Florianópolis,756.31
2024-09-01,Florianópolis,768.33
2024-10-01,Florianópolis,796.94
2024-11-01,Florianópolis,799.62
2024-12-01,Florianópolis,809.46
2025-01-01,Florianópolis,808.75
2025-02-01,Florianópolis,807.71
2025-03-01,Florianópolis,831.92
2025-04-01,Florianópolis,858.2
2025-05-01,Florianópolis,858.93
2025-06-01,Florianópolis,867.83
2025-07-01,Florianópolis,844.89
2025-08-01,Florianópolis,823.11
2025-09-01,Florianópolis,811.07
2025-10-01,Florianópolis,824.57
2025-11-01,Florianópolis,800.68
2025-12-01,Florianópolis,801.29
2026-01-01,Florianópolis,806.33
2026-02-01,Florianópolis,797.53
2026-03-01,Florianópolis,824.35
2020-01-01,Fortaleza,433.39
2020-02-01,Fortaleza,462.99
2020-03-01,Fortaleza,475.11
2020-04-01,Fortaleza,482.46
2020-05-01,Fortaleza,455.18
2020-06-01,Fortaleza,464.31
2020-07-01,Fortaleza,454.74
2020-08-01,Fortaleza,462.13
2020-09-01,Fortaleza,485.75
2020-10-01,Fortaleza,510.54
2020-11-01,Fortaleza,539.33
2020-12-01,Fortaleza,534.96
2021-01-01,Fortaleza,532.97
2021-02-01,Fortaleza,523.46
2021-03-01,Fortaleza,517.05
2021-04-01,Fortaleza,525.26
2021-05-01,Fortaleza,532.21
2021-06-01,Fortaleza,541.61
2021-07-01,Fortaleza,562.82
2021-08-01,Fortaleza,552.24
2021-09-01,Fortaleza,552.09
2021-10-01,Fortaleza,563.96
2021-11-01,Fortaleza,580.36
2021-12-01,Fortaleza,579.06
2022-01-01,Fortaleza,607.35
2022-02-01,Fortaleza,609.6
2022-03-01,Fortaleza,635.02
2022-04-01,Fortaleza,647.63
2022-05-01,Fortaleza,628.46
2022-06-01,Fortaleza,657.0
2022-07-01,Fortaleza,641.46
2022-08-01,Fortaleza,626.98
2022-09-01,Fortaleza,620.87
2022-10-01,Fortaleza,622.57
2022-11-01,Fortaleza,630.67
2022-12-01,Fortaleza,653.99
2023-01-01,Fortaleza,679.81
2023-02-01,Fortaleza,671.32
2023-03-01,Fortaleza,647.92
2023-04-01,Fortaleza,669.79
2023-05-01,Fortaleza,672.66
2023-06-01,Fortaleza,661.16
2023-07-01,Fortaleza,661.5
2023-08-01,Fortaleza,642.68
2023-09-01,Fortaleza,640.48
2023-10-01,Fortaleza,648.93
2023-11-01,Fortaleza,639.91
2023-12-01,Fortaleza,630.38
2024-01-01,Fortaleza,618.32
2024-02-01,Fortaleza,627.67
2024-03-01,Fortaleza,663.22
2024-04-01,Fortaleza,714.68
2024-05-01,Fortaleza,709.9
2024-06-01,Fortaleza,697.33
2024-07-01,Fortaleza,677.53
2024-08-01,Fortaleza,630.48
2024-09-01,Fortaleza,615.92
2024-10-01,Fortaleza,641.34
2024-11-01,Fortaleza,663.95
2024-12-01,Fortaleza,673.77
2025-01-01,Fortaleza,700.44
2025-02-01,Fortaleza,710.66
2025-03-01,Fortaleza,727.46
2025-04-01,Fortaleza,746.52
2025-05-01,Fortaleza,728.49
2025-06-01,Fortaleza,735.11
2025-07-01,Fortaleza,738.09
2025-08-01,Fortaleza,723.06
2025-09-01,Fortaleza,677.42
2025-10-01,Fortaleza,686.78
2025-11-01,Fortaleza,670.63
2025-12-01,Fortaleza,677.0
2026-01-01,Fortaleza,694.06
2026-02-01,Fortaleza,692.99
2026-03-01,Fortaleza,727.9
2020-01-01,Goiânia,455.08
2020-02-01,Goiânia,448.62
2020-03-01,Goiânia,456.18
2020-04-01,Goiânia,493.21
2020-05-01,Goiânia,505.99
2020-06-01,Goiânia,480.78
2020-07-01,Goiânia,472.86
2020-08-01,Goiânia,483.15
2020-09-01,Goiânia,510.52
2020-10-01,Goiânia,537.61
2020-11-01,Goiânia,557.46
2020-12-01,Goiânia,563.8
2021-01-01,Goiânia,574.76
2021-02-01,Goiânia,560.67
2021-03-01,Goiânia,552.05
2021-04-01,Goiânia,556.27
2021-05-01,Goiânia,564.04
2021-06-01,Goiânia,551.49
2021-07-01,Goiânia,562.13
2021-08-01,Goiânia,565.4
2021-09-01,Goiânia,574.08
2021-10-01,Goiânia,591.78
2021-11-01,Goiânia,599.64
2021-12-01,Goiânia,597.24
2022-01-01,Goiânia,624.91
2022-02-01,Goiânia,641.09
2022-03-01,Goiânia,663.48
2022-04-01,Goiânia,682.87
2022-05-01,Goiânia,674.63
2022-06-01,Goiânia,674.08
2022-07-01,Goiânia,672.91
2022-08-01,Goiânia,660.83
2022-09-01,Goiânia,658.7
2022-10-01,Goiânia,675.79
2022-11-01,Goiânia,689.49
2022-12-01,Goiânia,704.63
2023-01-01,Goiânia,710.62
2023-02-01,Goiânia,695.18
2023-03-01,Goiânia,680.92
2023-04-01,Goiânia,704.94
2023-05-01,Goiânia,704.89
2023-06-01,Goiânia,669.39
2023-07-01,Goiânia,657.71
2023-08-01,Goiânia,641.53
2023-09-01,Goiânia,630.95
2023-10-01,Goiânia,636.07
2023-11-01,Goiânia,648.59
2023-12-01,Goiânia,669.36
2024-01-01,Goiânia,710.7
2024-02-01,Goiânia,707.81
2024-03-01,Goiânia,703.57
2024-04-01,Goiânia,701.01
2024-05-01,Goiânia,704.51
2024-06-01,Goiânia,711.43
2024-07-01,Goiânia,695.98
2024-08-01,Goiânia,667.87
2024-09-01,Goiânia,672.93
2024-10-01,Goiânia,695.37
2024-11-01,Goiânia,727.65
2024-12-01,Goiânia,732.5
2025-01-01,Goiânia,756.92
2025-02-01,Goiânia,739.34
2025-03-01,Goiânia,754.06
2025-04-01,Goiânia,767.43
2025-05-01,Goiânia,758.67
2025-06-01,Goiânia,744.27
2025-07-01,Goiânia,735.18
2025-08-01,Goiânia,718.94
2025-09-01,Goiânia,710.52
2025-10-01,Goiânia,720.57
2025-11-01,Goiânia,717.39
2025-12-01,Goiânia,725.95
2026-01-01,Goiânia,735.94
2026-02-01,Goiânia,731.34
2026-03-01,Goiânia,760.44
2020-01-01,João Pessoa,388.02
2020-02-01,João Pessoa,403.98
2020-03-01,João Pessoa,414.05
2020-04-01,João Pessoa,437.93
2020-05-01,João Pessoa,440.25
2020-06-01,João Pessoa,430.44
2020-07-01,João Pessoa,417.75
2020-08-01,João Pessoa,414.5
2020-09-01,João Pessoa,432.04
2020-10-01,João Pessoa,449.97
2020-11-01,João Pessoa,454.85
2020-12-01,João Pessoa,475.19
2021-01-01,João Pessoa,471.87
2021-02-01,João Pessoa,484.54
2021-03-01,João Pessoa,478.52
2021-04-01,João Pessoa,490.04
2021-05-01,João Pessoa,491.63
2021-06-01,João Pessoa,495.76
2021-07-01,João Pessoa,492.3
2021-08-01,João Pessoa,490.93
2021-09-01,João Pessoa,476.63
2021-10-01,João Pessoa,491.12
2021-11-01,João Pessoa,508.91
2021-12-01,João Pessoa,510.82
2022-01-01,João Pessoa,538.65
2022-02-01,João Pessoa,549.33
2022-03-01,João Pessoa,567.84
2022-04-01,João Pessoa,573.7
2022-05-01,João Pessoa,567.67
2022-06-01,João Pessoa,586.73
2022-07-01,João Pessoa,572.63
2022-08-01,João Pessoa,568.21
2022-09-01,João Pessoa,562.32
2022-10-01,João Pessoa,559.57
2022-11-01,João Pessoa,552.43
2022-12-01,João Pessoa,561.84
2023-01-01,João Pessoa,600.06
2023-02-01,João Pessoa,600.1
2023-03-01,João Pessoa,579.57
2023-04-01,João Pessoa,585.42
2023-05-01,João Pessoa,580.95
2023-06-01,João Pessoa,604.89
2023-07-01,João Pessoa,581.31
2023-08-01,João Pessoa,565.07
2023-09-01,João Pessoa,562.6
2023-10-01,João Pessoa,554.88
2023-11-01,João Pessoa,548.33
2023-12-01,João Pessoa,542.3
2024-01-01,João Pessoa,559.77
2024-02-01,João Pessoa,564.5
2024-03-01,João Pessoa,583.23
2024-04-01,João Pessoa,614.75
2024-05-01,João Pessoa,620.67
2024-06-01,João Pessoa,597.32
2024-07-01,João Pessoa,572.38
2024-08-01,João Pessoa,548.9
2024-09-01,João Pessoa,552.35
2024-10-01,João Pessoa,566.46
2024-11-01,João Pessoa,590.82
2024-12-01,João Pessoa,606.91
2025-01-01,João Pessoa,618.64
2025-02-01,João Pessoa,634.41
2025-03-01,João Pessoa,626.89
2025-04-01,João Pessoa,641.57
2025-05-01,João Pessoa,636.73
2025-06-01,João Pessoa,636.16
2025-07-01,João Pessoa,648.0
2025-08-01,João Pessoa,622.08
2025-09-01,João Pessoa,610.93
2025-10-01,João Pessoa,609.94
2025-11-01,João Pessoa,597.66
2025-12-01,João Pessoa,597.66
2026-01-01,João Pessoa,606.39
2026-02-01,João Pessoa,618.73
2026-03-01,João Pessoa,652.95
2025-04-01,Macapá,660.52
2025-05-01,Macapá,669.59
2025-06-01,Macapá,665.13
2025-07-01,Macapá,666.41
2025-08-01,Macapá,672.5
2025-09-01,Macapá,672.72
2025-10-01,Macapá,679.09
2025-11-01,Macapá,643.25
2025-12-01,Macapá,651.15
2026-01-01,Macapá,661.96
2026-02-01,Macapá,660.76
2026-03-01,Macapá,672.06
2025-04-01,Maceió,622.57
2025-05-01,Maceió,616.92
2025-06-01,Maceió,609.04
2025-07-01,Maceió,621.74
2025-08-01,Maceió,596.23
2025-09-01,Maceió,593.17
2025-10-01,Maceió,592.25
2025-11-01,Maceió,571.47
2025-12-01,Maceió,589.69
2026-01-01,Maceió,592.83
2026-02-01,Maceió,603.92
2026-03-01,Maceió,644.77
2025-04-01,Manaus,671.77
2025-05-01,Manaus,699.95
2025-06-01,Manaus,675.25
2025-07-01,Manaus,674.78
2025-08-01,Manaus,657.22
2025-09-01,Manaus,642.32
2025-10-01,Manaus,633.25
2025-11-01,Manaus,629.39
2025-12-01,Manaus,620.42
2026-01-01,Manaus,647.97
2026-02-01,Manaus,628.9
2026-03-01,Manaus,675.56
2020-01-01,Natal,389.26
2020-02-01,Natal,405.88
2020-03-01,Natal,426.0
2020-04-01,Natal,428.28
2020-05-01,Natal,429.57
2020-06-01,Natal,442.46
2020-07-01,Natal,430.66
2020-08-01,Natal,419.47
2020-09-01,Natal,422.31
2020-10-01,Natal,436.76
2020-11-01,Natal,455.43
2020-12-01,Natal,458.79
2021-01-01,Natal,454.49
2021-02-01,Natal,464.43
2021-03-01,Natal,477.56
2021-04-01,Natal,478.23
2021-05-01,Natal,501.7
2021-06-01,Natal,500.2
2021-07-01,Natal,506.51
2021-08-01,Natal,508.04
2021-09-01,Natal,493.29
2021-10-01,Natal,504.66
2021-11-01,Natal,521.08
2021-12-01,Natal,529.54
2022-01-01,Natal,551.06
2022-02-01,Natal,557.2
2022-03-01,Natal,575.33
2022-04-01,Natal,595.37
2022-05-01,Natal,586.42
2022-06-01,Natal,611.79
2022-07-01,Natal,587.58
2022-08-01,Natal,580.74
2022-09-01,Natal,581.53
2022-10-01,Natal,573.4
2022-11-01,Natal,566.95
2022-12-01,Natal,584.36
2023-01-01,Natal,622.16
2023-02-01,Natal,626.15
2023-03-01,Natal,615.03
2023-04-01,Natal,605.94
2023-05-01,Natal,602.16
2023-06-01,Natal,632.27
2023-07-01,Natal,613.64
2023-08-01,Natal,581.18
2023-09-01,Natal,598.99
2023-10-01,Natal,582.12
2023-11-01,Natal,567.3
2023-12-01,Natal,556.06
2024-01-01,Natal,575.71
2024-02-01,Natal,579.31
2024-03-01,Natal,605.33
2024-04-01,Natal,632.23
2024-05-01,Natal,640.1
2024-06-01,Natal,599.29
2024-07-01,Natal,575.12
2024-08-01,Natal,555.68
2024-09-01,Natal,554.0
2024-10-01,Natal,576.23
2024-11-01,Natal,593.54
2024-12-01,Natal,617.32
2025-01-01,Natal,634.11
2025-02-01,Natal,648.58
2025-03-01,Natal,636.47
2025-04-01,Natal,657.0
2025-05-01,Natal,645.0
2025-06-01,Natal,636.95
2025-07-01,Natal,646.13
2025-08-01,Natal,622.0
2025-09-01,Natal,610.27
2025-10-01,Natal,612.18
2025-11-01,Natal,591.38
2025-12-01,Natal,597.15
2026-01-01,Natal,595.86
2026-02-01,Natal,616.84
2026-03-01,Natal,653.77
2025-04-01,Palmas,746.77
2025-05-01,Palmas,720.37
2025-06-01,Palmas,717.32
2025-07-01,Palmas,715.77
2025-08-01,Palmas,720.45
2025-09-01,Palmas,677.87
2025-10-01,Palmas,695.42
2025-11-01,Palmas,672.61
2025-12-01,Palmas,677.63
2026-01-01,Palmas,700.44
2026-02-01,Palmas,695.28
2026-03-01,Palmas,717.45
2020-01-01,Porto Alegre,502.98
2020-02-01,Porto Alegre,492.83
2020-03-01,Porto Alegre,497.88
2020-04-01,Porto Alegre,527.01
2020-05-01,Porto Alegre,518.63
2020-06-01,Porto Alegre,512.4
2020-07-01,Porto Alegre,511.22
2020-08-01,Porto Alegre,528.61
2020-09-01,Porto Alegre,552.86
2020-10-01,Porto Alegre,581.39
2020-11-01,Porto Alegre,617.03
2020-12-01,Porto Alegre,615.66
2021-01-01,Porto Alegre,626.25
2021-02-01,Porto Alegre,632.67
2021-03-01,Porto Alegre,623.37
2021-04-01,Porto Alegre,626.11
2021-05-01,Porto Alegre,636.96
2021-06-01,Porto Alegre,642.31
2021-07-01,Porto Alegre,656.92
2021-08-01,Porto Alegre,664.67
2021-09-01,Porto Alegre,672.39
2021-10-01,Porto Alegre,691.08
2021-11-01,Porto Alegre,685.32
2021-12-01,Porto Alegre,682.9
2022-01-01,Porto Alegre,673.0
2022-02-01,Porto Alegre,695.91
2022-03-01,Porto Alegre,734.28
2022-04-01,Porto Alegre,780.86
2022-05-01,Porto Alegre,768.76
2022-06-01,Porto Alegre,754.19
2022-07-01,Porto Alegre,752.84
2022-08-01,Porto Alegre,748.06
2022-09-01,Porto Alegre,743.94
2022-10-01,Porto Alegre,768.82
2022-11-01,Porto Alegre,781.52
2022-12-01,Porto Alegre,765.63
2023-01-01,Porto Alegre,757.33
2023-02-01,Porto Alegre,741.3
2023-03-01,Porto Alegre,746.12
2023-04-01,Porto Alegre,783.55
2023-05-01,Porto Alegre,781.56
2023-06-01,Porto Alegre,773.56
2023-07-01,Porto Alegre,777.16
2023-08-01,Porto Alegre,760.59
2023-09-01,Porto Alegre,741.71
2023-10-01,Porto Alegre,739.21
2023-11-01,Porto Alegre,739.18
2023-12-01,Porto Alegre,766.53
2024-01-01,Porto Alegre,791.16
2024-02-01,Porto Alegre,796.81
2024-03-01,Porto Alegre,777.43
2024-04-01,Porto Alegre,775.63
2024-05-01,Porto Alegre,801.45
2024-06-01,Porto Alegre,804.86
2024-07-01,Porto Alegre,769.96
2024-08-01,Porto Alegre,740.82
2024-09-01,Porto Alegre,756.17
2024-10-01,Porto Alegre,774.32
2024-11-01,Porto Alegre,780.71
2024-12-01,Porto Alegre,783.72
2025-01-01,Porto Alegre,770.63
2025-02-01,Porto Alegre,769.74
2025-03-01,Porto Alegre,791.64
2025-04-01,Porto Alegre,834.22
2025-05-01,Porto Alegre,819.05
2025-06-01,Porto Alegre,831.37
2025-07-01,Porto Alegre,830.41
2025-08-01,Porto Alegre,811.14
2025-09-01,Porto Alegre,811.44
2025-10-01,Porto Alegre,823.57
2025-11-01,Porto Alegre,789.77
2025-12-01,Porto Alegre,784.22
2026-01-01,Porto Alegre,795.37
2026-02-01,Porto Alegre,786.84
2026-03-01,Porto Alegre,799.79
2025-04-01,Porto Velho,665.97
2025-05-01,Porto Velho,646.74
2025-06-01,Porto Velho,635.83
2025-07-01,Porto Velho,636.69
2025-08-01,Porto Velho,631.28
2025-09-01,Porto Velho,621.09
2025-10-01,Porto Velho,618.86
2025-11-01,Porto Velho,614.13
2025-12-01,Porto Velho,592.01
2026-01-01,Porto Velho,601.01
2026-02-01,Porto Velho,601.69
2026-03-01,Porto Velho,623.42
2020-01-01,Recife,395.93
2020-02-01,Recife,420.27
2020-03-01,Recife,433.28
2020-04-01,Recife,461.26
2020-05-01,Recife,451.45
2020-06-01,Recife,435.3
2020-07-01,Recife,436.1
2020-08-01,Recife,439.19
2020-09-01,Recife,464.31
2020-10-01,Recife,469.05
2020-11-01,Recife,462.98
2020-12-01,Recife,469.39
2021-01-01,Recife,474.22
2021-02-01,Recife,469.71
2021-03-01,Recife,461.33
2021-04-01,Recife,471.52
2021-05-01,Recife,480.8
2021-06-01,Recife,483.92
2021-07-01,Recife,487.6
2021-08-01,Recife,491.46
2021-09-01,Recife,489.4
2021-10-01,Recife,485.26
2021-11-01,Recife,524.73
2021-12-01,Recife,532.37
2022-01-01,Recife,543.1
2022-02-01,Recife,549.2
2022-03-01,Recife,561.57
2022-04-01,Recife,582.74
2022-05-01,Recife,595.89
2022-06-01,Recife,612.34
2022-07-01,Recife,616.63
2022-08-01,Recife,598.14
2022-09-01,Recife,580.01
2022-10-01,Recife,558.4
2022-11-01,Recife,551.3
2022-12-01,Recife,565.09
2023-01-01,Recife,608.1
2023-02-01,Recife,606.93
2023-03-01,Recife,578.73
2023-04-01,Recife,582.26
2023-05-01,Recife,587.13
2023-06-01,Recife,621.14
2023-07-01,Recife,592.71
2023-08-01,Recife,580.72
2023-09-01,Recife,570.2
2023-10-01,Recife,557.1
2023-11-01,Recife,551.04
2023-12-01,Recife,538.08
2024-01-01,Recife,550.51
2024-02-01,Recife,559.68
2024-03-01,Recife,592.19
2024-04-01,Recife,617.28
2024-05-01,Recife,618.47
2024-06-01,Recife,582.9
2024-07-01,Recife,548.43
2024-08-01,Recife,533.12
2024-09-01,Recife,535.32
2024-10-01,Recife,548.19
2024-11-01,Recife,578.16
2024-12-01,Recife,588.35
2025-01-01,Recife,598.72
2025-02-01,Recife,625.33
2025-03-01,Recife,627.14
2025-04-01,Recife,652.71
2025-05-01,Recife,636.0
2025-06-01,Recife,637.62
2025-07-01,Recife,655.46
2025-08-01,Recife,629.14
2025-09-01,Recife,615.95
2025-10-01,Recife,608.03
2025-11-01,Recife,598.73
2025-12-01,Recife,596.1
2026-01-01,Recife,600.09
2026-02-01,Recife,611.98
2026-03-01,Recife,654.62
2025-04-01,Rio Branco,677.75
2025-05-01,Rio Branco,654.63
2025-06-01,Rio Branco,640.39
2025-07-01,Rio Branco,641.17
2025-08-01,Rio Branco,641.27
2025-09-01,Rio Branco,620.99
2025-10-01,Rio Branco,631.08
2025-11-01,Rio Branco,635.91
2025-12-01,Rio Branco,626.11
2026-01-01,Rio Branco,631.2
2026-02-01,Rio Branco,631.83
2026-03-01,Rio Branco,641.15
2020-01-01,Rio de Janeiro,507.13
2020-02-01,Rio de Janeiro,505.55
2020-03-01,Rio de Janeiro,533.65
2020-04-01,Rio de Janeiro,544.34
2020-05-01,Rio de Janeiro,558.81
2020-06-01,Rio de Janeiro,512.84
2020-07-01,Rio de Janeiro,505.72
2020-08-01,Rio de Janeiro,529.76
2020-09-01,Rio de Janeiro,563.75
2020-10-01,Rio de Janeiro,592.25
2020-11-01,Rio de Janeiro,629.63
2020-12-01,Rio de Janeiro,621.09
2021-01-01,Rio de Janeiro,644.0
2021-02-01,Rio de Janeiro,629.82
2021-03-01,Rio de Janeiro,612.56
2021-04-01,Rio de Janeiro,622.04
2021-05-01,Rio de Janeiro,622.76
2021-06-01,Rio de Janeiro,619.24
2021-07-01,Rio de Janeiro,621.34
2021-08-01,Rio de Janeiro,634.18
2021-09-01,Rio de Janeiro,643.06
2021-10-01,Rio de Janeiro,673.85
2021-11-01,Rio de Janeiro,665.6
2021-12-01,Rio de Janeiro,666.26
2022-01-01,Rio de Janeiro,692.83
2022-02-01,Rio de Janeiro,697.37
2022-03-01,Rio de Janeiro,750.71
2022-04-01,Rio de Janeiro,768.42
2022-05-01,Rio de Janeiro,723.55
2022-06-01,Rio de Janeiro,733.14
2022-07-01,Rio de Janeiro,723.75
2022-08-01,Rio de Janeiro,717.82
2022-09-01,Rio de Janeiro,714.14
2022-10-01,Rio de Janeiro,736.28
2022-11-01,Rio de Janeiro,749.25
2022-12-01,Rio de Janeiro,752.74
2023-01-01,Rio de Janeiro,770.19
2023-02-01,Rio de Janeiro,745.96
2023-03-01,Rio de Janeiro,735.62
2023-04-01,Rio de Janeiro,750.77
2023-05-01,Rio de Janeiro,749.76
2023-06-01,Rio de Janeiro,741.0
2023-07-01,Rio de Janeiro,738.12
2023-08-01,Rio de Janeiro,722.78
2023-09-01,Rio de Janeiro,719.92
2023-10-01,Rio de Janeiro,721.17
2023-11-01,Rio de Janeiro,728.27
2023-12-01,Rio de Janeiro,738.61
2024-01-01,Rio de Janeiro,791.77
2024-02-01,Rio de Janeiro,832.8
2024-03-01,Rio de Janeiro,812.25
2024-04-01,Rio de Janeiro,801.15
2024-05-01,Rio de Janeiro,796.67
2024-06-01,Rio de Janeiro,814.38
2024-07-01,Rio de Janeiro,757.64
2024-08-01,Rio de Janeiro,745.64
2024-09-01,Rio de Janeiro,757.3
2024-10-01,Rio de Janeiro,773.7
2024-11-01,Rio de Janeiro,777.66
2024-12-01,Rio de Janeiro,779.84
2025-01-01,Rio de Janeiro,802.88
2025-02-01,Rio de Janeiro,814.9
2025-03-01,Rio de Janeiro,835.5
2025-04-01,Rio de Janeiro,849.7
2025-05-01,Rio de Janeiro,847.99
2025-06-01,Rio de Janeiro,843.27
2025-07-01,Rio de Janeiro,823.59
2025-08-01,Rio de Janeiro,801.34
2025-09-01,Rio de Janeiro,799.22
2025-10-01,Rio de Janeiro,801.37
2025-11-01,Rio de Janeiro,783.96
2025-12-01,Rio de Janeiro,792.06
2026-01-01,Rio de Janeiro,817.6
2026-02-01,Rio de Janeiro,826.98
2026-03-01,Rio de Janeiro,867.97
2020-01-01,Salvador,376.49
2020-02-01,Salvador,395.49
2020-03-01,Salvador,408.06
2020-04-01,Salvador,425.12
2020-05-01,Salvador,410.33
2020-06-01,Salvador,419.18
2020-07-01,Salvador,415.22
2020-08-01,Salvador,418.72
2020-09-01,Salvador,459.33
2020-10-01,Salvador,454.5
2020-11-01,Salvador,488.1
2020-12-01,Salvador,479.08
2021-01-01,Salvador,488.94
2021-02-01,Salvador,479.19
2021-03-01,Salvador,461.28
2021-04-01,Salvador,457.56
2021-05-01,Salvador,470.14
2021-06-01,Salvador,467.3
2021-07-01,Salvador,482.58
2021-08-01,Salvador,485.44
2021-09-01,Salvador,478.86
2021-10-01,Salvador,487.59
2021-11-01,Salvador,505.94
2021-12-01,Salvador,518.21
2022-01-01,Salvador,540.01
2022-02-01,Salvador,552.3
2022-03-01,Salvador,560.39
2022-04-01,Salvador,575.84
2022-05-01,Salvador,578.88
2022-06-01,Salvador,580.82
2022-07-01,Salvador,586.54
2022-08-01,Salvador,576.93
2022-09-01,Salvador,560.31
2022-10-01,Salvador,562.59
2022-11-01,Salvador,550.67
2022-12-01,Salvador,570.7
2023-01-01,Salvador,594.83
2023-02-01,Salvador,596.88
2023-03-01,Salvador,591.4
2023-04-01,Salvador,585.99
2023-05-01,Salvador,594.32
2023-06-01,Salvador,595.84
2023-07-01,Salvador,596.04
2023-08-01,Salvador,575.81
2023-09-01,Salvador,571.01
2023-10-01,Salvador,563.1
2023-11-01,Salvador,550.86
2023-12-01,Salvador,560.81
2024-01-01,Salvador,593.26
2024-02-01,Salvador,604.3
2024-03-01,Salvador,620.13
2024-04-01,Salvador,640.12
2024-05-01,Salvador,623.05
2024-06-01,Salvador,613.22
2024-07-01,Salvador,579.75
2024-08-01,Salvador,560.72
2024-09-01,Salvador,553.62
2024-10-01,Salvador,560.65
2024-11-01,Salvador,574.78
2024-12-01,Salvador,583.89
2025-01-01,Salvador,620.23
2025-02-01,Salvador,628.8
2025-03-01,Salvador,633.58
2025-04-01,Salvador,632.12
2025-05-01,Salvador,628.97
2025-06-01,Salvador,623.85
2025-07-01,Salvador,635.08
2025-08-01,Salvador,616.23
2025-09-01,Salvador,601.74
2025-10-01,Salvador,606.39
2025-11-01,Salvador,598.19
2025-12-01,Salvador,607.48
2026-01-01,Salvador,616.28
2026-02-01,Salvador,617.94
2026-03-01,Salvador,662.14
2025-04-01,São Luís,671.77
2025-05-01,São Luís,667.98
2025-06-01,São Luís,655.32
2025-07-01,São Luís,664.52
2025-08-01,São Luís,644.21
2025-09-01,São Luís,623.92
2025-10-01,São Luís,643.31
2025-11-01,São Luís,626.82
2025-12-01,São Luís,629.43
2026-01-01,São Luís,625.86
2026-02-01,São Luís,630.01
2026-03-01,São Luís,634.26
2020-01-01,São Paulo,517.51
2020-02-01,São Paulo,519.76
2020-03-01,São Paulo,518.5
2020-04-01,São Paulo,556.25
2020-05-01,São Paulo,556.36
2020-06-01,São Paulo,547.03
2020-07-01,São Paulo,524.74
2020-08-01,São Paulo,539.95
2020-09-01,São Paulo,563.35
2020-10-01,São Paulo,595.87
2020-11-01,São Paulo,629.18
2020-12-01,São Paulo,631.46
2021-01-01,São Paulo,654.15
2021-02-01,São Paulo,639.47
2021-03-01,São Paulo,626.0
2021-04-01,São Paulo,632.61
2021-05-01,São Paulo,636.4
2021-06-01,São Paulo,626.76
2021-07-01,São Paulo,640.51
2021-08-01,São Paulo,650.5
2021-09-01,São Paulo,673.45
2021-10-01,São Paulo,693.79
2021-11-01,São Paulo,692.27
2021-12-01,São Paulo,690.51
2022-01-01,São Paulo,713.86
2022-02-01,São Paulo,715.65
2022-03-01,São Paulo,761.19
2022-04-01,São Paulo,803.99
2022-05-01,São Paulo,777.93
2022-06-01,São Paulo,777.01
2022-07-01,São Paulo,760.45
2022-08-01,São Paulo,749.78
2022-09-01,São Paulo,750.74
2022-10-01,São Paulo,762.2
2022-11-01,São Paulo,782.68
2022-12-01,São Paulo,791.29
2023-01-01,São Paulo,790.57
2023-02-01,São Paulo,779.38
2023-03-01,São Paulo,782.23
2023-04-01,São Paulo,794.68
2023-05-01,São Paulo,791.82
2023-06-01,São Paulo,783.05
2023-07-01,São Paulo,769.95
2023-08-01,São Paulo,748.47
2023-09-01,São Paulo,734.77
2023-10-01,São Paulo,738.13
2023-11-01,São Paulo,749.28
2023-12-01,São Paulo,761.01
2024-01-01,São Paulo,793.39
2024-02-01,São Paulo,808.38
2024-03-01,São Paulo,813.26
2024-04-01,São Paulo,822.84
2024-05-01,São Paulo,826.85
2024-06-01,São Paulo,832.69
2024-07-01,São Paulo,809.77
2024-08-01,São Paulo,786.35
2024-09-01,São Paulo,792.47
2024-10-01,São Paulo,805.84
2024-11-01,São Paulo,828.39
2024-12-01,São Paulo,841.29
2025-01-01,São Paulo,851.82
2025-02-01,São Paulo,860.53
2025-03-01,São Paulo,880.72
2025-04-01,São Paulo,909.25
2025-05-01,São Paulo,896.15
2025-06-01,São Paulo,882.76
2025-07-01,São Paulo,865.9
2025-08-01,São Paulo,850.84
2025-09-01,São Paulo,842.26
2025-10-01,São Paulo,847.14
2025-11-01,São Paulo,841.23
2025-12-01,São Paulo,845.95
2026-01-01,São Paulo,854.37
2026-02-01,São Paulo,852.87
2026-03-01,São Paulo,883.94
2025-04-01,Teresina,675.1
2025-05-01,Teresina,670.79
2025-06-01,Teresina,672.41
2025-07-01,Teresina,677.0
2025-08-01,Teresina,663.41
2025-09-01,Teresina,645.98
2025-10-01,Teresina,646.72
2025-11-01,Teresina,636.26
2025-12-01,Teresina,645.09
2026-01-01,Teresina,641.8
2026-02-01,Teresina,648.65
2026-03-01,Teresina,668.78
2020-01-01,Vitória,492.2
2020-02-01,Vitória,480.03
2020-03-01,Vitória,504.78
2020-04-01,Vitória,537.89
2020-05-01,Vitória,536.73
2020-06-01,Vitória,500.01
2020-07-01,Vitória,484.8
2020-08-01,Vitória,509.45
2020-09-01,Vitória,539.36
2020-10-01,Vitória,552.85
2020-11-01,Vitória,606.59
2020-12-01,Vitória,600.28
2021-01-01,Vitória,624.62
2021-02-01,Vitória,609.27
2021-03-01,Vitória,596.91
2021-04-01,Vitória,610.98
2021-05-01,Vitória,616.96
2021-06-01,Vitória,611.29
2021-07-01,Vitória,612.45
2021-08-01,Vitória,618.96
2021-09-01,Vitória,633.03
2021-10-01,Vitória,670.99
2021-11-01,Vitória,668.17
2021-12-01,Vitória,662.01
2022-01-01,Vitória,677.54
2022-02-01,Vitória,682.54
2022-03-01,Vitória,704.93
2022-04-01,Vitória,729.31
2022-05-01,Vitória,698.24
2022-06-01,Vitória,692.84
2022-07-01,Vitória,700.75
2022-08-01,Vitória,697.39
2022-09-01,Vitória,686.26
2022-10-01,Vitória,707.78
2022-11-01,Vitória,713.57
2022-12-01,Vitória,728.78
2023-01-01,Vitória,726.23
2023-02-01,Vitória,709.21
2023-03-01,Vitória,699.16
2023-04-01,Vitória,703.9
2023-05-01,Vitória,706.06
2023-06-01,Vitória,691.34
2023-07-01,Vitória,674.54
2023-08-01,Vitória,660.88
2023-09-01,Vitória,681.91
2023-10-01,Vitória,675.16
2023-11-01,Vitória,675.45
2023-12-01,Vitória,688.86
2024-01-01,Vitória,719.3
2024-02-01,Vitória,731.83
2024-03-01,Vitória,729.34
2024-04-01,Vitória,726.82
2024-05-01,Vitória,723.91
2024-06-01,Vitória,718.43
2024-07-01,Vitória,688.45
2024-08-01,Vitória,684.21
2024-09-01,Vitória,694.87
2024-10-01,Vitória,708.06
2024-11-01,Vitória,726.51
2024-12-01,Vitória,747.42
2025-01-01,Vitória,735.31
2025-02-01,Vitória,745.49
2025-03-01,Vitória,762.94
2025-04-01,Vitória,792.83
2025-05-01,Vitória,780.69
2025-06-01,Vitória,782.39
2025-07-01,Vitória,767.42
2025-08-01,Vitória,743.47
2025-09-01,Vitória,745.01
2025-10-01,Vitória,746.22
2025-11-01,Vitória,731.52
2025-12-01,Vitória,727.22
2026-01-01,Vitória,742.85
2026-02-01,Vitória,756.15
2026-03-01,Vitória,790.19
